id,title,author,content
1,丈夫和媳妇说，把游戏关了，我们来大战三百回合,一枚老僧,下班回到家，媳妇儿正在坐在电脑前玩LOL，幽暗的灯光下一副岁月静好的样子。我兽性大发扑了过去抱住她的腰:“把游戏关了，我们来大战三百回合吧。”她转过头来看了看我:“来吧，不用关游戏，敌方还有三十秒到达战场～”​朋友出差半年，回到家。媳妇问：诶，老公，我问你个事，要是邻居家种了一棵桃树，结果枝条伸到咱家院子里，还结了桃子，你开心不？朋友就说：开心啊，白捡的便宜，当然开心啊！媳妇松了一口气，说：开心就好，开心就好！​一富翁得了癌症，医生说他最多能活3个月。富翁很难过，问医生是否有好的治疗办法。医生沉吟了一会儿：“把你的奔驰卖了，买一辆旧自行车；和你老婆离婚，找个女酒鬼结婚；把你市中心的房子卖了，到郊区买一套破房子。”“那我就能多活几年啦?”富翁急切的问。医生：“不能。你会有度日如年的感觉。“​今天我就问老婆：挨～我说老婆，你长那么漂亮为什么会选择嫁给我。老婆说：你记得三年前，你给了一个糟老头子十块钱么？那糟老头子拿着那十块钱去彩票店买了张彩票，中了一等奖。他先去了泰国再去了韩国，最后回来找到了你。
2,90后女孩曝光群租房内日常：我为什么劝你一定要多赚钱？,精读君,今天是精读君陪伴你终身成长的第2352天1认识一个邻居姐姐，她是我见过最“佛系”的人。大学毕业那年，成绩优异的她原来有机会进入某知名企业，干出一番事业。但她却选择了一份事少离家近的工作。许多人觉得她可惜，明明可以大干一场，如今却只守着一份不痛不痒的工作。然而，姐姐却从不这么认为。记得有次在家楼下的超市碰到她，她在水果柜面前认认真真地挑选着果子。看我翻来覆去也没挑着几个满意的，她还细心地传授了我一些小技巧。一边挑，一边说：我就喜欢这样充满烟火气的生活。闲聊中，她还告诉我：在她眼里，有一份稳定的工作，够应付生活的钱，这就是最好的生活。那一刻，我大概了解了邻居姐姐这些年的执着。我一直以为，姐姐就是这样一个对钱佛系的人，直到前阵子在楼下取东西时撞见她。她穿着家居服，神情有些疲惫，头发也不像打理过的样子，完全不同于她往日的风格。我照例跟她寒暄了几句，问她是不是疫情宅家呆不住了。不料，她眼里却流下了几滴眼泪，哽咽地说：没钱的日子太难了。说完，她抹着眼泪，连声道歉说她失态了，然后就走开了。后来，我才听说，这阵子她亲人生了病，需要很多钱。有位作家写道：虽说钱是万恶之源，但不得不承认，有了钱，才能保障我
3,自悟,仙人掌刺扎脚趾缝里,1、从小我妈就告诉我：无论去哪里见朋友，都要带礼物，哪怕他很有钱，什么都不缺。2、和女朋友一起玩，很多人只知道一条路，其实三条路都是通的。3、男女之间互相合作才能共赢，一方出力总是很辛苦，4、发脾气的目的是让对方知道你不开心，而不是搞得大家都不开心。你不生气，但可以让别人知道你生气了。5、主动介绍身边的人给对方认识，这是常识，不然对方会默认为你不重视他。6、交谈过程中，如果对方的脚尖并没有指向你所在的方向，或者对方长时间没有关注过你的面部，说明对方想要尽快结束交流。7、记得为女士和长辈开车门。其实这是个很随意的动作，并不算太正式。记得开门的时候把一只手放到上面护住头部，防止对方撞到。8、正面拒绝是对双方的一种尊重。不要模棱两可，也不需要找理由搪塞。怕就怕碍于面子应承下来，最后自己搞得一团糟。9、主动夸奖别人会让你很有幸福感，就像在看到了一个不错的回答并且主动点赞的人，生活中一般都比较透彻。10、朋友就是用来解决问题的。如果你坚持不想去麻烦对方，那对方也不敢把你当成朋友。11、被别人安利或者分享喜欢的人、歌、事、物是很正常的事。就算你不喜欢，也不要抬杠甚至诋毁别人的喜好。12、多赚钱一定
4,李嘉欣与8岁儿子共浴，当亲情越过界限，对孩子更多的是“伤害”,灵双儿,父母永远都是孩子最亲近的人，特别是妈妈从怀孕到生孩子这个过程，她们给了孩子生命，同时也时刻守护着孩子们的成长。绝大多数情况下，妈妈和孩子都是最亲密无间的，从宝宝小时候给他喂奶，到孩子大一点给他洗澡，孩子的吃喝拉撒都是妈妈在照料。但是再亲密的关系也要随着孩子长大而慢慢改变，自古就有“男女有别”一说，所以如果妈妈真的对孩子好，就应该在适当的时候懂得回避，给孩子一些个人空间。大家都知道“儿大避母，女大避父”，但是现实中有很多父母却无法做到这一点，他们对孩子的爱早已经越界，反而变成了一种伤害。李嘉欣曾被网友们评为“最美港姐”，所以她的人气一直都很高，而且她也经常会分享自己和孩子之间的照片，虽然自己的儿子已经8岁了，但是她丝毫没有对孩子有任何回避，还会专门和孩子一起洗澡，有时候也会嘴对嘴亲吻。这种做法让很多网友都大跌眼镜，作为一个母亲，在孩子8岁的时候早就应该避嫌了，换衣服都要关上门，何况与儿子共浴呢！这件事情也很快引起了大家的议论，父母和孩子之间到底应该保持哪种界限呢？如果亲情越界了，对孩子又会带来什么危害？其实不止是李嘉欣如此，类似的事情还有很多，不少父母都没有意识到自己和孩子之间需要有底线
5,一个人是否值得交往，看这四点就够了,一气浩然,有人说：“不必把太多人请进生命里，若他们走进不了你的内心，就只会把你的生命搅扰得拥挤不堪。”朋友不必多，贵在能知心。珍贵的情谊，要留给最值得结交的人。一个人是否值得交往，看这四点就够了。前同事李平拉另一位同事阿忠合伙创业时，阿忠坚决拒绝了，理由是李平趁妻子给儿子做陪读时出轨，人品不可信。当时，我们挺为阿忠惋惜的，毕竟李平人脉广资源多，这样的合作伙伴可遇不可求。果然，没过几年，就曝出李平背着搭档拿回扣的丑闻。待我自己成家后，我才理解了阿忠的交友哲学。一个人值不值得交往，真的要看他对家人的态度。对家庭没有敬畏心的人，是极端自私的人。如果把家人摆在一个微不足道的位置，证明他早已对伴侣的付出习以为常，也会认为别人对自己的付出是理所当然的。你对他好，他觉得是应该的；你对他没有奉献，他便觉得是你对他的亏欠。他们眼里往往只有自己。而一个时刻把家人放在心里的人，会有更强的责任感。与这样的人交往，不用担心他会背信弃义。朋友小慧是个斜杠青年，平时很难约出门。她常说，最怕花两三个小时去赴一场无聊的应酬。然而，我生完孩子那一年，小慧却三天两头地来我家串门，帮我做家务、陪我聊天。我知道她忙，便跟她说不用跑这么勤
6,我睡上了那个三十几岁女人的床,苏羽Loner,前阵子东冉村拆迁，被迫搬家，打听到车道沟地铁站附近有两排平房，去看了看，环境奇差，却也可以将就，一来急于搬家，二来比较省钱，三呢，离人民出版社那边的公司很近。（1）我将新的住处窝选择在了五号房。刚搬家两天，隔壁的六号房也搬进了人，一男一女，男的看起来比我大不少，女的应该奔四了。那个女人很喜欢穿一件深红色长裙，露出白净的腿——她的全身都很白，尤其脸，甚至素颜也那样白，白得吓人。她的额头刚过我腰部，看起来大概一米五左右，微胖的她笑起来像极了我初中的同桌。他们住进来的第一天晚上就吵了起来，虽然房子紧挨着，但意外的是隔音效果奇好，我听不到他们在吵什么。第二天周六，我睡到十一点才起来，刚出门就发现今天的温度有又飙升到了一个新的记录，热得简直想让我脱光衣服去旁边的河里洗个澡。隔壁的她就坐在自己家门口，利落的短发随微风飘动，有点撩人。我咽了咽口水，从屋子里拿出洗漱用具把毛巾搭在肩上往水房走，路过六号房，背后传来一句“没上班啊”。我侧身看了一眼，她正在看我，旁边没有别人，我礼貌性地笑了笑:“对啊，周末嘛。你呢？”她起身，拍了拍屁股:“嗯啊，我男朋友白天出去上班，我就一个人在这待着，晚上我去街边摆地摊卖
7,骗子，离我远点，我不想继续受到伤害,弄堂里的肉团猫,我家庭虽然说不上那种大富大贵，但是在同宿舍比起来还算好的，妈妈开旅游公司，爸爸是一个大厂子里做一个小领班一个月爸爸挣两万，在外面还有工作，我在学校没事干的时候炒股，也有不少的钱。九月份开学就是大一了，爸妈把我安顿好就回去了，由于我高考没发挥好，就来到了一所三本，准备考研弥补遗憾。军训完后就正式开始上课了，某一天中午我在午休，妈妈着急的给我打电话，说是我让她打学费了，她问我是不是换了卡号了，我说:没有。这个时候才意识到妈妈是被骗钱了。具体原因是妈妈上班也着急，平时对于我花钱交学费的事情也很开明。我说多少钱就给多少，这次骗子假装成我一下子要了2.8万，说是计算机考试，交了学费包清华研究生。那个人说:你加我一下QQ，我妈二话不说就加了，加了以后那个人冒充我，叫我妈，叫妈妈，一口一个的，我妈也没太在意，就让那个人发了卡号，打了钱。打了钱以后骗子估计觉得我妈好骗，就还要一万多，我妈还好在给了2.8万以后给我打电话了。这件事我妈一直耿耿于怀，我爸也不让我在提起，据我爸说这钱没有追回来，我也不知道为啥，反正我爸不让过问。这件事我宿舍人知道后的第一反应酒店，你家好有钱，2.8万一下拿出来了。有的说:你
8,2018-11-30,羞羞哒007,比特币|怎么挖出来的呢?|乌托市场近些年来，有很多人开始关注比特币的。尤其是一些中国人的大妈想要购买比特币来作为理财投资的产品。不过比特币就是一种具有投资价值的理财产品。这几年比特币的价格也上涨了不少。但对于比特币到底是何方神圣却知之甚少。网络上虽然有众多关于比特币的科普文章，但如果没有相关金融知识，也很难理解比特币的真实意义。如果你现在也在关注比特币的话，那么我们的文章内容就可以为大家带来最好的帮助。对于对数人来说是不知道比特币究竟是如何挖出来的呢？比特币之父中本聪于2009年提出去中心化概念，也就是说将货币发行在开源软件以及建构其上的P2P网络，打造一个去中心化的支付系统。比特币自发行后，理论上没有任何人可以控制比特币数量，也无法通过大量制造比特币来人为操控币值。基于密码学的设计可以使比特币只能被真实的拥有者转移或支付，安全性极佳。我们在了解比特币是如何产生出来的时候，就要了解一下“区块链”，比特币的核心原理是“区块链”，每一个区块对应一个帐单，将所有的区块链接起来就是区块链，任何交易信息和转账记录都记录在区块链中。要注意的是区块链存在于整个互联网中，所以任何比特币持有者都不担心比
9,灯,ycaty,屋里的灯烂了，愁，我愁怎么修，这么高，不在我能力范围内，特别无助……需要一个男人。
10,为母亲过生日,鲍海祥,自从二宝生下来自今快一年了，父母一直住在我们身边帮忙照看两个孩子。我能够在外面安心的做自己的工作也是多亏了他们。这天晚上回家，妻子和父母商量了着这么长时间没有回老家了。想趁着为时不多秋日暖阳回趟老家，带着小宝住上几日，把家里的被褥家具好好的翻晒整理一番。而且还有一位年过六旬的孤寡老人驼爹爹，也得回去看看。正好小宝快周岁了，长的也算硬朗，现在也好带一些。人都是有一种故乡情结的，况且是半辈子都在黄土地里摸爬滚打的他们了。合理的安排了一下时间和相关事宜，这事也就这么定下来了。这天早上我和妻子开车到街上张罗了一些水果、面包带上。寻思着给乡亲们带点礼品，就像以前庄上的劳力外出打工回家总会带点糖果、水果给大伙发发一样。这次就算是给小宝提前过周岁生日了。一切准备就绪就驱车直奔罗塘老家。老家距离枞阳县城大约三四十分钟的车程，没过一会就到家了。由于出发的较晚，回到老家都快十二点了。老娘忙着整理炉灶，准备做饭。我和妻子带着孩子到处走走看看，秋天的家乡竟然看不出一丝颓废。鸡冠花艳红似火，山间野菊金黄吐蕊，南瓜花在深秋里努力盛开，扁豆花的紫郁在阳光下更显高贵.......那些熟悉而陌生的花，红的、黄的、紫的.
11,《听说，春天有一百种颜色》,诗蔓0,听说春天有一百种颜色倘使我心绪难过请陪我去看紫色的风信子吧因为你曾那般捉弄于我却换来何为这时难寻的听说春天有一百种颜色倘使我犹豫迟疑请陪我去看白黄乳的栀子吧那时你曾将种子隽送我而我却只试过紧紧攥着听说春天有一百种颜色倘使我深夜惊醒请陪我去看殷粉的夹桃竹吧我亲见过她身旁的生灵都不同别处的幽静祥和听说春天有一百种颜色倘使我采药受伤请陪我去看玛蒂的月季花吧我知道沿山涉水的途中一阵轻风就能缓释疼痛听说春天有一百种颜色倘使我被权力诱惑请陪我去看阿姆斯特丹之花因为丹麦攒了一城童话总盼着隔海相望讲给他听说春天有一百种颜色倘使我思念父母请陪我去看蓝的紫的矢车菊如果那时我也有了孩子就让她们摘些送给外婆我会祈祷这些春色都是真的那么那时你不忙了记得要来看看我我不会很忙的
12,"临湖星光丨夏风 17",花香小札,夏日是太阳特别活跃的季节，总是在早六七点就已灿烂耀眼，直到晚八点才在众霞云的簇拥下依依不舍、缓缓落幕。夏天的景致因太阳持久的光彩而格外明朗，湖水也因清晰的天光更显流莹溢彩。把手伸向最高点和树上的枝条握手，有时够不着，会跳跃起来触摸它们，只要有和枝条握手的心情，人便是很轻松自在的本我。发现湖水有自己清澈的功能，昨早水岸浮沫环绕，今早水面已清水盈盈。转念想其实人也可这样，只要有水性，或以水为师，便可适时清洌心中的尘埃，如清洁房间一样，让心房洁净有条理。回程之即，停下奔跑的脚步漫走，抬头望着天空，只见前方一小朵白云在万里晴空中是那么地特别，环顾整个天际，唯它一朵白云，且需定晴来看。它在离朝阳不远处，凝思它应不是一朵真正的云吧，许是哪位仙人幻化，一早想俯视人间。边走边凝视着它，直到那朵云渐渐隐没在晨曦中，留下没有一丝白云的晴空。之前小水鸭们玩走迷宫的荷叶，长成了健硕的绿荷，层层立着，簇拥在荷塘，更成为了水鸭们捉迷藏，在烈日下也能开心畅玩的绝好之地。同样是水，盛的容器不同，水呈现的面貌也就各异，临近水面的荷叶盛满水，水会变得晶莹剔透，荷叶表面因水的莹透而突显不凡的质感，两者相得益彰。看到另一棵桔
13,《老怪闲语◎湘味》,庐阳第一怪,花式火锅炖粉圆，细肉红润配菜鲜。辣油剁椒沉于底，口口奇香蕴喉间。
14,"每当阳光初上     （广州夏与秋的衔接线上景）",冬末里,每当阳光初上，在寂静的清晨这就是光彩与辉煌衔接的廖亮每一抹晨曦下掠过的气息，都在茨意张狂着秋日里淡淡的忧伤。澎湃的心随着温昕的光在起伏跳动，水分在吸收着微芒，大地上的绿芽都在欢喜鼓舞，鸟儿在枝头缄默着与蛙声伴唱，白云与蓝天窃窃私语相伴而行，风来了，太阳他笑了。每一抹金黄都在铺撒着曾今的过往和谐号’的轨道蔓延在晨光微涌的黎明方向，云雾缭绕着微耸的山峦，蓝白相间的云彩在朝阳的轰催下以不变应万变的速度向人们展示蓬勃的希冀。阳光在大地上匆忙的滑行，在这座城市里，留下了干净与锋芒，繁华里的过往是人们在这座魅惑之都里留下的痕迹。夕阳在黎明的反方向，万物接收了他的一抹金黄，他笑了，只因阳光初上。晨曦里的朝阳，每一双小小的翅膀，都在阳光初上。（尚未入秋的广州٩(๑òωó๑)۶）
15,窗帘,瓜子瓜瓜子,窗内——昏暗的房间。忽明忽暗的电视机屏幕。昏昏欲睡的枕头。瑟瑟发抖的被窝。滚落墙角的布偶。极度亢奋的书摞。失眠的耳麦。挨挨挤挤的彩色铅笔。静止的时钟。乌云的吊灯。潮湿的开关。生锈的剪刀。凌乱的画稿。平摊着的课本。不想起床的原因。天气预报的今早有雨。大雨。窗外——阳光和金光闪闪的一切。你的窗外，我的窗内。我们之间隔着太多的窗帘。
16,"每天一口冰淇淋（11）- TickTick",一口冰淇淋,昨天老板给我推荐了一个视频，是关于时间管理的。以前从来没有意识到时间是可以管理的，自从工作了之后，发现效率真的很低，也一直在拖团队后退，后来慢慢地接触到时间管理，但是方法都知道了，也还是做不好。她昨天推荐的视频中说到，做什么工作都不要等到deadline再完成，一定要提前完成，这样就有足够的时间可以纠错，或者改变方向。如果都是能到deadline再急急忙忙地赶，不仅事情做不好，自己的心情也会很差。我真是深有体会，视频中推荐了一款APP叫TickTick，这个软件真的满足了之前的幻想，虽然今天才是第一天使用它，但感觉真的很不错，让大脑放松。不要去惦记着其他的事情，有软件帮记着，不会出错也不会漏，一想到什么需要做的事情就立刻记上，随即让大脑去专注在自己的正在做的工作当中。我相信跟着这个软件和自己的思维走，会越来越好的❤️
17,2019-02-22,德之行之,"一、早读1.背诵古诗《出塞》。2.复习《草原》读读写写词语，听写。二、《丝绸之路》一课时1.导入：介绍『陆上丝绸之路』背景。2.介绍『丝绸之路』名字的来由。3.自由朗读课文，思考自己认为丝绸之路是一条怎样的路？并从文中找出对应的句子证明。4.学生交流分享自己眼中：丝绸之路是一条（        ）的路。5.走进“丝绸之路”，思考：课文描写了一个怎么样的场景？（记叙文四要素：实践、地点、人物、事件）（1）时间：公元前115年。（2）地点：伊朗高原北部。（3）人物：安息国的将军、中国使者。（4）事情：安息国将军热情迎接中国使者，双方交换礼物。6.小结：丝绸之路，你还认为他是一条：（        ）之路7.拓展积累背诵『边塞诗』送元二使安西王维渭城朝雨浥轻尘，客舍青青柳色新。劝君更尽一杯酒，西出阳关无故人。凉州词王之涣黄河远上白云间，一片孤城万仞山。羌笛何须怨杨柳，春风不度玉门关。从军行王昌龄青海长云暗雪山，孤城遥望玉门关。黄沙百战穿金甲，不破楼兰终不还。作业：1.《黄冈》一~五        2.周记一篇（400字）"
18,"Xposed插件 - 获取某答题app的题目和选项",h080294,"好久没更新了，最近在看Android的xposed框架。虽然之前也一直在用，却没自己写过，这次尝试自己写一个简单的插件。目标应用是现在比较的火的一款在线答题应用，练习的目的是获取到题目和题目选项。当然可以用截图然后orc识别，但终究会有一定的延时以及识别问题。网上有许多项目，就不再赘述。这种实时联网的app我们可以先抓包看看。我这里的用的mac版的charles，最新破解版可以在这里下载我提供的jar包这里我们可以发现我们需要的信息在websocket中，以json的形式来传递。当然拿题至少有两种方式。一种是hook 答题的控件，另一种从socket数据下手。本文采用hoot socket处理。首先反编译apk，可以明显的看到应用使用了360加固。那么就得先把壳脱下来，我们只需要找到关键的代码即可，不必修复onCreate函数。（主要是搞不定。。。）脱壳的部分省略，拿到smali后开始分析。我们通过socket中的关键词showQuestion字段，最终在Lcom/chongdingdahui/app/socket/MessageManager$7类里面发现了处理数据的代码。步骤很简单"
19,"求职季 | 那些破事和好事",番薯叶和鱼,"（一）好事：催人奋进勤奋的人开始找工作是7月，我一直懒懒懒，懒到十月中，终于结束了上一份实习，抓紧注册了智联招聘的账号。从此，每天都有智联贴心的提醒：“中大有宣讲会”、“绿地招聘会在哪里”、“某大型企业网申倒计时”等等。不喜欢这个岗位设置、不喜欢它的薪资水平、嗯只是小公司而已……种种理由，种种嫌弃。投出去的6个简历，2个没通过审核，一个让去笔试，其余没回复。到十月底，听说秋招快要结束了，开始紧张了，特别是看着舍友天天西装革履跑招聘会、宣讲会、实习，而我却任由日子一天天过去了，不行，我不能整天想着玩耍的，要前进前进前进进 ！跑的第一场笔试，是大企业，在外校A，网上查过以前都是考行测（也就是上至天文下至地理都考那种），90分钟90道题，单选和多选题型。庆幸，行测开学以来有复习过，做的时候计算题都跳过就对了。到A重点院校，不认识路，随便找了个学生样的男孩子问路，刚好都是去同一个公司的笔试，所以一路同行。原来他是邻校的研究生应届毕业生，高学历大师兄，太好了。师兄学的是计算机工程技术开发类型，技术岗，他说之前在YY实习工资都有5k以上。黯然神伤，财会专业正式工作薪酬有5k都很少。听说师兄那么牛逼"
20,简年15:无家可归与殊途同归,乜石头,"看似有很多地方可以去，实际只有两个地方，到不了的是远方，回不去的故乡。1、 成长是一场告别春节回家我们总是忙着开同学会，而我们小学班长在前几年多次努力后，停止了放弃。“今年我们开同学会吗？”我好奇的问。“怎么开得起来嘛？”我知道他说的是实话，细想除了春节期间大家都忙着走亲戚、招待客人以外，另外一个重要的原因是多年以后的我们见面可能没有话聊，除了吃饭喝酒、打牌、唱K以为没有一些大家都能加入其中的集体活动。多年以后每个同学都有了自己的圈子、自己的认知、自己看到这个世界的方式，为什么要用一个多年前的关系，当初的同一个水平的同学来强行把大家连在一起呢？晚上读到《皮囊》里有这样的描述：我向文展说的“小时候的玩伴真该一起聚聚了”，真是一个天真的提议。每个人都已经过上不同的生活，不同的生活让许多人在这个时空里没法相处在共同的状态中，除非等彼此都老了，年迈再次抹去其他，构成我们每个人最重要的标志，或许那时候的聚会才能成真。难道我们不是面临这样的尴尬境遇？故乡已经回不去了。故乡的房子已经拆得差不多了，重建的高楼给你的只有陌生感，你还有通过一些老照片来回忆；故乡的人已经长大了，儿时的玩伴已经有了自己的家庭"
21,现象级每日一词：laggard,gltjk,":a person who makes slow progress and falls behind others这个国家的经济一度落后，不过现在已经开始迎头赶上了。Once a, this country’s economy is beginning to leapfrog.The future is unpredictable — thein your class might even end up your boss.未来是不可预测的——上学时班里的后进生或许会成为你的老板呢。职场。"
22,1天1章《人性的弱点》第20天,乐L鱼Y儿E,"大家早上好，今天咱们阅读的是《人性的弱点》这本书当中的《学会喜欢你自己》到《不要令人生厌》这几个章节。— 1 —你是否喜欢你自己呢？这章咱们可以学到如何喜欢自己哦。史迈利·布兰敦在一本书中写道：“适当程度的‘自爱’对每一个正常人来说，是很健康的表现。布兰敦医师讲得很对。要想活得健康、成熟，“喜欢你自己”是必要条件之一。但这是表示“充满私欲”的自我满足吗？不是的。这应该是意味着“自我接受”——一种清醒的、实际的接受自己的本来面目，并伴以自重和人性的尊严。有一位太太，因为丈夫很有成就，常常以一些外在的物质来评判一个人，慢慢的这位太太开始觉得自己渺小，并且失去了信心。她的问题不是不能适应环境，而是不能适应自己。她不能愉快地接受自己的本来面目，而期望能变成另一个完全不同的人。她需要明白：每个人都具有一定的作用，可以在生活中表现出来。这种作用必须依着自己的个性表现出来，而不是模仿他人。明白了这点，她才会对自己产生信心。她自我认同的第一步，是不再用别人的标准来评判自己，而必须建立起自己的一套价值观点，然后开始作为生活的依据。她也必须学习如何与自己相处，不要常常批判自己。1、成熟的人会适度地忍耐自己"
23,最美的晨光，想起了吃饭,周方云53,刚刚才五天，发现，肚子好胀，原因太简单了。五天培训，一日三餐，顿顿饱腹。于是，身体就很诚实的暴露了自己的隐私。有点嘘嘘带喘了。而不吃晚餐是自己多年来的习惯。吃晚餐哒原因有三：别人都吃晚餐，自己不吃，好像跟不上大众的节奏一样。归属感。不吃晚餐，别人一直会劝你，会更耗费自己与别人的精力。晚餐没有替代性的食物：如茶，瓜子等。这是，基本生理需求。细细想来……
24,你丫的怎么一结婚就想起我了？！,彦翔杂货店,"文 | 彦翔今天馆主在群里看着各位土豪讨论份子钱该随多少的问题，不同的地方因为习俗和市场行情会有各自的标准线。当看到那种不去也给500，去就掏800、1000的答案，馆主瞬间感觉自己能活在广东是一件多么幸福的事，因为这里可以100起步啊！哈哈哈！参加婚礼、满月酒本来是一件值得庆贺的事情。但是，随着物价飞涨，份子钱似乎也水涨船高了。甚至有人。那真是给少了伤感情，给多了伤神。前段时间有个关于随份子的热帖上了热搜。“同事结婚随了100份子钱”，帖子热度瞬间过百万。是的，你没看错，那是切切实实的100元！本着参加农村喜宴的心态，这哥们原想着都是家常便饭，于是就只随了100元的份子钱。但在入席之后，这哥们就惊呆了！光冷盘就有十多个：海蜇拌黄瓜、糖水枣子、草莓、清蒸螃蟹、咸呛蟹、凤爪、炸鱼、生象拔蚌片、海苔腰果、桂花糖藕等。热菜有：龙虾、水煮虾，酸菜海鱼、鱼豆腐青菜汤、梭子蟹蒸虾饺等。临走时还一人送了一大盒点心。这哥们还从现场打听到这么一桌菜估计要4000元左右，而且是10个人吃！尴尬的气息扑面而来，补红包又不好，但是不补又怕主人认为自己小气，复杂的心情可想而知。对于这哥们的情况，有网友认为那10"
25,日本，你对不起中国,义薄云天R,"父亲出生的那一年战争的硝烟还在弥漫后来历史把那一段灾难称为“抗日战争”战争结束时父亲还不到十岁如今那荆棘丛生里父亲的坟头已过了十年早已冰冷的泪水却再次温润我的双眼因为这里安息着一位曾经从深重历史的苦难走过的老人那样仁慈那么坦然纵使生于刻骨铭心的当头国难也把侵略说成“日本鬼子进中国”日本，你对不起中国！两千多年的渊源本来是一脉相连谁曾想鉴真东渡  晁衡西来播下的文明火种却换得半个世纪的滚滚狼烟日本，你对不起中国！文化传播带给你明治维新的荣耀你站起来后却举起了甲午战争的倭刀！日本，你对不起中国！当你觊觎中国的东北你可曾想怎么去面对那遣唐使的纪念碑唐招提寺还在  奈良的朱雀门也在但曾经给你们播撒文明古风的南京城却被大屠杀的狰狞取代！日本，你对不起中国！两千多年的文明没能古今先贤的荣光也没能阻止你去践踏了有恩于自己的中国人的家园还盼望着良知还收养了战争的遗孤“感谢中国养父母碑”的后面倒下的却是中国人民3500万！安保条约阴魂不散中国也只是在复兴的道路上阅兵9.3十年以前父亲说：日本鬼子进中国在今天我说：日本，你对不起中国"
26,戏作,沉浮影,五更鸡不叫，六月日当沉。滂沱望雨寄，徐疾企风吟。梦为秦周客，醒作理政生。苦呼天不应，凭桌一颅横。
27,9.26权力有限策略,潍坊泰华DDM店刘云,"权力有限策略，就是告诉对方，我还有一个不露面的 人，他是最后的决策者。通常有这种谈判的时候，所谈的事情都差不多了，只是在价格上没有达到彼此的心理价位。工作中也有这样的情况，顾客购物时，发现衣服脏了，但是在没有折扣的情况下，表现出自己很喜欢但又觉得新衣服还脏了的两重心理上，问能不能给个优惠，这时要告诉顾客:“不好意思亲，咱们家是不做折扣的，但是我可以给你申请一下。”简单的一句话会让顾客觉得自己是有利可图的。通过这样，让顾客做出最大的让步，同时又能促进销售。"
28,陵寝,莫自在,探寻千古沧桑走过多少帝王将相当初巍峨的陵寝如今又是怎样是荒草淹没的沙丘是腐朽破败的坟场或仍是穿越千古的金碧辉煌但那又怎样指点江山的身影不依旧腐烂于岁月的暗房
29,"临湖星光丨夏风  15",花香小札,这几日清晨天灰蒙蒙的，不似往日碧蓝的晴天，看着灰白的天空，也知晓它的心情，喜欢它心花怒放时，白云朵朵，彩霞满天。不仅人有喜怒哀乐，连天空也是。有时羡慕鸟儿，可瞬间过水越山，甚至羡慕蝴蝶，以轻盈的身姿飞越水面，飞去它想去的任何一个地方。晨跑时总会去看一起成长的小翠竹，摸着青嫩的竹叶传递心声，多想和它一样灵透从容。有时会怀疑，觉得自己做的一些事情没意义，漫步在湖边，不经意望着风中飘逸的花儿，在阳光下静静绽放着属于自己的美，心便领悟开阔了许多。途经的路人很少注意它们，它们依然开得烂漫，开得美好，而自己也正是享有它们美好的特别之人。透过垂帘的翠绿柳枝看粉荷，在微风吹拂中，眼前的画卷格外清新有诗意。走过了几百次湖边，湖边的每一株植物都已相互熟识，如哪一天不现身湖边，它们会不会想念呢？没风的时候，快跑起来，自己也如一道清风，为自己，为身边的花草，带来一片清凉。每每行走在荷塘，在众多荷花中，找到那缕与之相连的荷花魂，既使在很远之处，也会与之站在同一直线上相对，凝望着，感受其在空气中散发的不一样气息。虽两两相对无言，却是如此亲切熟悉。去年夏天，眼中只有纯美的荷花，今夏特别留意净土的守护者荷叶(喜欢称之
30,不忘昨日心，健步明日路,芥已成舟,不忘昨日心，健步明日路犹记得那个被雨冲刷燥热后的秋日，晴空万里，经历了高考的我们背上重重的行囊又踏上去往未来的旅途。路漫漫其修远兮，吾将上下而求索，于是初心中揣着一份梦想与执着，彷徨有之，困顿有之。未来的道路上，沿途可能是美丽的风景，也可能布满荆棘，一场旅行也好，一次冒险也罢，无论如何我们都登上了上帝安排的贼船。纷乱之中，伫立翘首，放下自己所有的繁琐与凌乱，沉淀自己的内心，更加深刻地明白了当初的纯真与梦想。还记得那个踏遍山川，看遍河溪的徐霞客么？还记得那个每天甩手一百下，能坚持一年的柏拉图么？还记得那个挑灯夜读也不畏案牍之劳形的自己么？坚持内心的那条路，一定不是平坦的大道，如果没有荆棘的装点，唾手可得的成功可能就没有那样美丽，但从另一个角度来看，这何尝不是生命给予我们的试炼？时光绝不会辜负那个不忘初心静心修行的自己。“不忘初心，继续前进”，人生走一遭，我的理想是什么？我到底要做点什么？我到底想成为什么样的人？每日三省身，初心正方可行而远。岁月蹉跎，何必一事无成？奈何“白了少年头”？岂能徒留悔恨？佛说，洗心一万遍，才初通禅心；挥剑一万次，方初步剑道。我们只有将自己的心一遍遍砥砺，才能以谋
31,2016年5月12夜,蔚青,"如若有一天我们终将离开彼此也许不会太悲伤 也没有痛哭流涕就像一部青春片 酸甜苦辣流淌在你我心中我们笑着道别 说着没心没肺的话但懂得这也许是一场再无聚首的落幕还未离开思念已悄然弥漫没有对方的未来 没有再见的再见你我在同一片天空下踏上不同的旅程流年恍过  一瞬永恒愿你我一世安好  不知愁滋味"
32,窗帘瞬间提高你的家居档次！,门窗定制安装,"拼接窗帘在装饰效果上更具个性化，可以根据整体家居装修的风格和个人的喜好来选择适合的材质及花色。近年来选择拼接窗帘的消费者有明显的上升趋势。那么制作拼接窗帘时，应该注意哪些方面呢?下面，小编就向您详细的介绍一下拼接窗帘的方法及注意事项，有兴趣的朋友一起来了解一下吧！拼接窗帘制作流程把布料摊平，检查分片的两条边与底边是否垂直。如不垂直要把两条边做适当的修整。预留卷底边量(12-15公分)后，向上画出要求的高度(拼接的款先剪去拼接的量)。找主花为基点，量出主花到要求高度的距离，然后按这个距离从每个基点向上量出与主花的平行线。预留2公分缝头，多余剪掉。同理往下画出底边。按加工单要求的尺寸画出每个配色布的尺寸，上下预留2公分缝头。把每一片配色布拼接起来，拼接的地方拷边。线头修干净(包括拷边线头)卷底边 。根据画好的线迹卷底边，卷的时候要下层拉紧，上层小用剪刀或者镊子稍推，是布料缝纫的缩量一致，保证卷好的底边不起扭不起链。如果新手不容易把握，可以先把底边熨好后再缝。如果布料高度不够需要包边，一定要用类似的颜色包底边。包边时把针迹调密。包完后检查上下是否都缝住，豁开的地方要修补好。在拼接好的布料的最"
33,圆珠笔绘,转个角拐个弯,好久没有用圆珠笔画啦，谢谢木子李的新教程。叶子画的是乱七八糟，成此画一大败笔^ _ ^^_^，下次继续努力啊！大半夜画的草稿，是真爱啊^ _ ^^_^
34,破风,oailuo33,但看见送快递的小哥骑着个小三轮从院子里出来，脸上也没什么特别的表情，想来那滩血迹跟院子里无关，肖宇就放心地回了屋。回屋后从纸箱里拿出一瓶可乐喝了两口，肖宇坐下来启动了电脑。没过一会儿，从远处传来拍门的声音。那声音由远及近，直到肖宇住的最靠里的201。肖宇想都没想，脱口而出：“谁？”外面没有回答，但拍门的声音更急促了一些。肖宇打开了门，眼前是个浑身是血，衣服被划的破破烂烂的男人，他满脸焦急地向肖宇说道：“救救我，求求你救救我。”肖宇看到这状况，一时间不知道该怎么办，本能地想关上门，男子按住了门，哀求道：“我给你钱，一万够不够，一万行吗？让我进去吧。”肖宇一听这话，觉得事情肯定不简单，更加想关上门。没想到男子不知道哪来的力气，一把推开肖宇闯进了门里，之后虚脱倒在地上。虽然丝毫不想牵涉进来，目前肖宇也只能先关了门。哪想没过多久，外面又响起拍门声。这次比之前粗鲁多了，准确地说应该是砸门，还伴随着踢门的声音，而且貌似还不止一人。坏了，肖宇想起男子身上的血，肯定会暴露的。果不其然，很快201的门就遭殃了。肖宇住的这种老房子，还装着木门，根本没什么抵抗力，门和墙连接处的粉簌簌往下落。肖宇赶紧找了一根
35,"Charles 4.2.1 破解for Mac and Win",h080294,"郑重声明，本文纯属技术交流讨论，请勿用于商业用途及传播非法信息！转帖请保留原创地址。更新日志：Version 4.2.122 November 2017Important bug fixesjar文件链接:链接:密码: d38wcharles-proxy-4.2.1.dmg 网盘链接：（强烈推荐官网下载！！！）链接:密码: tev9只测试了Mac版，理论上win也可用"
36,"绘画教程 | 如何画出有生命的山茶花",爱蜜部落,"关注 “爱蜜部落”，私信“教程”，送你一堂作品课全套教程白茶花代表纯真无邪记得和我们家"阿拉伯王子"早上去散步，看到公园里到处开满了茶花分外的美丽。烂漫的山茶，能在天寒地冻的早春绽蕾吐蕊，开到桃李芬芳的春天，给人们带来了春意，给生命带来了无限的希望。就这样偶就萌发了想画茶花的想法，哈哈！把时间留个自己，并且把它浪费在美好的事情上，让生活过的鲜活有趣，这次来教大家画白茶花。辉柏嘉绿盒油性彩铅，很专业级别得哦，叠色的效果特棒，可以叠加画出油画的质感，普通的彩铅是很难做到滴。想想涂滴都是人民币，你就认真画了吧Step1：2H铅笔画出花型主题花卉两朵含苞待放的白色茶花，搭配几支花骨朵儿，几片油绿色的叶子！这里要有个小技巧了就是用铅笔芯的金属管画出几道反光的的叶脉，纸面被刮出凹槽再涂上色就显现出来了。Step2：开始画叶子了先来涂一层橄榄绿色，轻轻的顺着叶脉转折的方向，涂抹出明暗面，花蕾也可以带上涂一层。开始深入塑造叶子了，我这里叠加了普兰色还有褐色，这样看起来叶子的色彩有了变化了！接着再叠加，这次是黑色然后是白色。这里大家肯定会很有疑问“黑色和白色？”对的。来给大家解释下：想要画出深深油绿色的"
37,正确的信念，对你爱不完,奇果果儿,信念是本质的事情，若信念错误会导致无法积极主动，无法分身，任何想要回应都好难。掌握了信念的层次，情绪和语言的层次就没有那么难了。一念之间，天壤不同，想要积极主动，一定要有正确的信念。人活着，是为了使命而来，时刻去发现“有点”这个大大的小偷，谨防它把你的使命谋杀掉。你设定的标准，决定着你的人生，不然就是有点的水平。：就是故意把自己扔在死胡同，自己无法意识得到，爱钻牛角尖。：就是错误的信念。执念和妄念这些都是限制性信念，把自己困在原地不能动。：喜欢以你的意愿为出发点，你期待这个事成就成，你希望这个事不成就不成，如果达不到的话，就会生气，就会带来情绪上来，信念带来情绪。应该就是绝对化，然后带着期望来了，对方不这么做，你的情绪就上来了，就会有强迫结果发生，结果不会发生，但你非要结果发生，结果就出问题了。想要进行情绪管理，就得时刻观察自己的信念，防止说成为应该的暴君。：如：一件事没有做好，就说一个人不好，越是能量不够，小我就会简化思考。闭嘴是一种美德。因为当你评价的时候，你的所有思维方式，都是去为了验证你的评价。非常可怕，缺乏一个底层信念，成长信念，特别的完美主义，是一种赌徒心态，希望一击即中，
38,海角七号,岁月里的天光云影,
39,自相矛盾,力牧,“自相矛盾”的故事相信大家都知道。楚国有一个卖矛和盾的人，一面吹嘘他的盾是最坚固的，没有任何东西能够刺穿它，一面又吹嘘他的矛是如何锋利，没有任何东西刺不穿。结果有人说，用你的矛刺你的盾，看结果会怎样？他就哑口无言了。有人借了这样一个故事来说明事物之间存在着不可调和的矛盾。事物之间果真的就存在着不可调和的矛盾么？请想想“自相矛盾”的自相矛盾是怎样产生的吧？从一开始，都是那个卖矛和盾的人在自说自话，一会说自己的盾坚不可摧，一会又说自己的矛无坚不越，而作为主角的矛和盾呢，始终是沉默的。即是说，所谓的无坚不摧或坚不可摧，都是人所赋予它们的，矛跟盾对上，也是人自己的行为，跟矛和盾本身根本没有一毛钱关系。而且，拿矛去刺盾，不是矛把盾刺穿，就是盾把矛顶了回去，这也只是一个过程，一个运动发展的过程，——矛和盾之间，也不存在自相矛盾的问题。也就是说，物存在本身并不存在任何矛盾，所谓的矛盾都是人为的，是人为了某种目的或某种需要而人为的把自己主观的观念强加于对象时所产生的一种对立。就是说，真正自相矛盾的反而是人，是我们的观念。
40,100%入库的2亿台与100%不入库的12万用户,haier_cd,"5月19日，海尔集团顺逛平台首发的“先行者”系列空调上市，首日预定量达到12万台，创下空调业新品首发当日最大预定量。值得注意的是，这些产品100%不入库，直达用户家中。业内人士认为，相对于2018年国内空调2亿台的产量，这12万台虽然只是沧海一粟，但是它的意义却更为重大，它意味着行业为库存而生产的传统模式结束，为用户而生产的新模式开启。消灭“库存”：需求弹性终结价格弹性海尔首发的“先行者”系列空调实现了从生产线上下来直接运到用户家中，与行业现状形成鲜明对比。数据显示，截止到 2019 年 1 月底，空调全行业库存总量达到 4700 多万台，达到新的历史高位。高位库存意味着高风险，企业无法抽身去研究消费需求、创新产品，用户买不到“新鲜”的产品并要为库存产生的各种费用买单。高位库存的本质是需求把握不准，这是企业面临的真正问题。行业企业如果不具备强大的数据捕捉能力，强大的制造能力只会制造“库存麻烦”。海尔“先行者”系列空调的首发引爆，给行业带来了一种新模式：消灭库存，下线即入户。零库存的本质是用户的拥抱。“先行者”系列空调折射出海尔另外一种做“爆款”的工业哲学——做“抱款”。据了解，区别于行"
41,【长篇小说】《挣扎》（上部）第二十一章,吮指一笑,21赵家余打开门，有点不敢相信自己的眼睛。苏老师，是你——苏锦急切地问，小桃呢？哦，她奶奶带她出去了。今天的事情，我想和你解释一下——真对不起！苏锦的眼圈又红了。赵家余赶忙往屋里让，苏老师你进来，别站在外面说话，门口风大。苏锦进了屋，接过赵家余递给她的杯子，轻轻说了声谢谢。她将热水焐在手中，感觉自己原本已经凉透的身体稍稍温暖了一些。赵家余点了根烟，反过来安慰她，是我们不好，给你添麻烦了！苏锦心里更加难过，用力地绞着自己的手指，真的，我不该那么做，不该骗孩子……平时，我还教育他们不要撒谎……小桃的情况就是这样，承认也好，不承认也罢，没什么可说的。学校这么做，我不怪你们。其实，能让她坐进这个教室，我们就谢天谢地了。赵家余有些黯然。他弹了弹烟灰，缓缓说，这世道，有时候啊要是不撒点谎，还真活不下去呢。我从来没有把小桃当成一个很特殊的孩子，苏锦盯着杯子中袅袅上升的热气对赵家余说，我觉得她比我们过得开心，我还有点羡慕她。羡慕？嗯，起码她有你这么爱她的父亲。换个人，还不知道会怎么样……苏锦想起了自己父亲，苦笑着说。当爹的不就这样吗？我是粗人，只认个死理。人和人之间就是个缘分，该好好待他的时候，掏心掏
42,女性误入婚姻禁区，把老公逼出轨,巨梨App,女人总是抱怨男人喜新厌旧，见异思迁，总是喜欢在外面沾花惹草，不是肉体出轨，就是精神出轨。但老公出轨，真的只是男人的原因吗?显然不是，很多时候往往是女人的问题导致老公出轨的。女人可以长得不漂亮，但千万不要太庸俗势利，像古代的三姑六婆，东家长西家短，狗眼看人低，见好处就想要，死要钱，没本事还一身的臭毛病，自以为是，不可一势，甚至骂街。摊上这样的妻子，等于摊上了一辈子的麻烦，是男人最大的不幸，跟这样的女人结婚，简直是进了地狱。在我看来，所谓的妻管严，根本不是婚姻应该有的样子，婚姻时男人女人没有所谓管的问题，不管是丈夫还是妻子，都是绝对平等的两个个体，既相互依存，又相互独立，在相互依恋的同时必须要一定的个人自由空间。当然这种自由空间要建立在自尊自爱并对得起对方的信任的基础上，但退一步说，即便对方对不住你的信任，靠管有用吗？你管得住吗？他又不是小孩，也许表面上看起来他在听你的，但多半是阳奉阴违，当面做一套，背后又是另一套，反而你得不到真实的情况，这岂不成了女人的悲哀？有的女人有一种潜意识，那就是嫁给他，又不是嫁给他家人，于是在言行举止中不知不觉间会无视丈夫的父母家人。显然，这又是一个误区，男人是
43,block下的weakSelf和strongSelf,wesk痕,"PS:虽然确实很忙，但自己确实变懒了，又好久没有写文章啦～～～下面记一篇开发过程中的小事，新来的人看了下面这段代码 又问我有了weakSelf  为什么还要加一个strongSelf。weakSelf只是弱引用，self对象被释放后，获取该对象也会被释放，它的属性会为空。block内strongSelf对weakSelf做了一层强引用，避免weakSelf被释放掉。也许这样的解释比较抽象。下面跑几段代码来看看控制台输出：总结：obj类对象被释放之后，该对象的属性为空，相对应的弱应用对象也会为空，则该对象属性testText为空了，这时候如果若有对该属性进行行为操作，就有可能出现crash。控制台输出：总结：经过一次__strong 来强引用之后，即使在block过程中obj被释放， weakObj和strongObj也能在本次的block中存在，这样还是能获取到对象的属性。这样我们能确定strongSelf的作用是:。为了避免在 block 的执行过程中，突然出现 self 被释放,导致出现若干异常!"
44,儿童智能gps定位器需要流量吗？一个月需消耗多少?,从南忘北,儿童智能gps定位监护器需要用流量吗？对于这个问题的回答是：儿童gps定位监护器是需要流量的，更准确的说现在的gps定位器系列的产品都是需要流量来传递定位信息的。至于儿童gps定位监护器为什么需要流量，儿童gps定位监护器一个月大概需要多少流量，我们这边一一来解释。儿童gps定位监护器为什么需要流量？首先，我们先简单了解下儿童gps定位监护器的定位原理。其实儿童gps定位监护器的工作原理是比较简单，就是儿童gps定位监护器通过接受GPS卫星发送的数据，然后通过把这些数据传送到地面的服务器解析后我们就能通过手机或者电脑实时地查看戴了儿童gps定位监护器的老人位置了。看文字可能不是很明白，那就用图来说明下，示下图：如图所示，儿童gps定位监护器在实现定位追踪的过程中需要把设备接收到的数据传输到服务器，只有完成这一步骤我们才能看到位置的哦，而怎么实现这些数据的传输呢，这时就需要用到SIM卡里的流量了。我们都知道SIM卡是具备通讯功能的，这一传输的介质我们平时管他叫做流量，也就是GPRS。如果儿童gps定位监护器里不插入SIM卡，那么定位数据就无法传输到服务器，我们也就无法在地图上看到配戴了的
45,spark-streaming-kafka之createDirectStream模式,luomoxyz,"最近一直在用directstream方式消费kafka中的数据，特此总结，整个代码工程分为三个部分一.  完整工程代码如下(某些地方特意做了说明, 这个代码的部分函数直接用的是spark-streaming-kafka-0.8_2.11)二. 工程的resources文件下的有个application.conf配置文件，其配置如下三.  配置文件中可以看到， 我把offset 保存在 mysql里，这里我定义了一个table 名称为streaming_task,  表的结构信息如下：一.  选用direct 的原因官方为spark提供了两种方式来消费kafka中的数据， 高阶api由kafka自己来来维护offset, 有篇blog总结的比较好第一种是利用 Kafka 消费者高级 API 在 Spark 的工作节点上创建消费者线程，订阅 Kafka 中的消息，数据会传输到 Spark 工作节点的执行器中，但是默认配置下这种方法在 Spark Job 出错时会导致数据丢失，如果要保证数据可靠性，需要在 Spark Streaming 中开启，也就是上文提到的 Kafka 用来保证数据可靠"
46,#猫群写作营day10#参加社群？想好了再做,糠小妮,2016年还剩三天，今年的总结和明年的计划，网上各种晒。看着大大小小超人们，成绩斐然的今年，雄心壮志的明年，以混吃混喝等死为主业的屌丝们是不是被燃得坐不住了，一个个摩拳擦掌跃跃欲试恨不得立马加几个社群，赶紧赚一个牛逼哄哄的明天？且慢！先看看一个过来人的体验报告吧。1、社群怎么选？IP营、BM、坚持星球、S成长会、新生大学、猫群……都是口碑和运营比较成功的知识群，每个群里诞生了无数的大小咖，似乎赶紧入群，下一个就是你。信息爆炸的时代，成功焦虑症泛滥，现代人容易贪心，老怕错失成功的密码，恨不得参加所有群。其实不然，不对等的关系很多时候是无效社交，如果你不能为别人提供价值，或者你提供的价值别人不认可，基本上多牛的群多厉害的群友跟你关系不大。就比如作为比尔·盖茨的邻居，不过是比别人多看见首富几次面。好的社群基本都有规范的机制，充实的内容，良好的互动。以我参加的剽悍一只猫的第三期猫群为例，读书、摄影、写作……每周都有一次高质量的大咖微课，认真听课、整理并实践就会花去不少精力，何况很多人还在读书或者工作，时间并不宽裕。两百多号猫友卧虎藏龙，语言、美食、健身、写文……稍不注意，聊天记录就是几百上千，
47,仿写“狗窝”,王灏颖,这是谁的卧室，真不像话。作业本居然在床上放。堆满了东西，还放着废纸。发了霉是那椅子。废纸，居然在抽屉里放。丢在地上的是他的笔袋。卷子折的像垃圾似的。桌子底下乱七八糟。书里夹着笔。水杯被留在了阳台上。口香糖粘在了桌上。一只叫嘟嘟的兔子跑到他被窝里。这是谁的主人真不像话。唐娜、罗伯、威利、还是什么？哦老天，怪不得他看上去是那么熟悉。
48,缓钟,别针,此刻时钟23.01刚刚好始终烟头燃烧的红点上的烟灰掉落在上衣的领口。腕表上走着不准的时针，分针，秒针，但还是在勉强走着。缓钟。离开故乡的一刻就走出来好孩子的襁褓，走向了好像万劫不复一复一日的不知道是哪。可能是诗与远方，可是谁又能走到那里。流浪歌手忘记了吉他，作家卖上了胸罩，学生吸上了香烟……时间慢慢的比想象的走的更慢，偷偷在角落看着的人也慢下来。很喜欢这样走不准针的缓钟。我是一个不二的学生。不爱学习缺爱读书。一点也不二，有一个梦想谁也不知道，不爱偷偷的笑，从不摘下路边树上的叶子。家里的事从不过问，他们就认为我不知道。什么都不知道，还有点不孝，原因是我的成绩与我的表象差的甚远。有两个可以像电影里扛枪打鬼子的兄弟。一个是正在我旁边床头听广播的别人的“炮友”。一个是在隔了两条街酷爱“睡觉”的蛮牛。“炮友”和“睡觉”说来是我们自己才明白的事。最主要的是我们三个都是坐在教室最后一排埋在书桌下别人不知道我们在做什么的人，他们永远不知道我们到底在做和他们无关和不正经的事。也不管别人的眼光，因为他们认为他们正确的知道了我们是弯的。时间时间慢慢的比想象的走的更慢，偷偷在角落看着的人也慢下来。很喜欢这样走
49,公交车上的感想,清气若兰,那天在公交车上，我的注意力无意中被一个工人吸引。他头戴一顶贴着888的布满灰的黄色头盔，手里拎着一只破旧的红色布袋，脚上扁平的帆布鞋沾满了灰，鞋上还蹦出几根线或许是因为经常洗的缘故。他佝偻着背，在人群中拉着扶手手里紧紧地拧着布袋。不一会儿有人下车，他拖着疲惫的身躯坐下了。双脚自然分开，不时的注视着公交车上的人。看到他的侧面，黝黑的皮肤，不过或许是脸上布满灰的缘故，使得脸似乎比脖颈略白。从后面看，他肩上衣服的颜色明显比背部衣服的颜色更淡，已经泛白，或许是经常背东西出汗水洗白的吧！我眼睛一直看着他，观察着他，思绪却飞到远方，我的爸爸现在应该下班了吧？他不会又被晒黑了吧？他的衣服洗了吗？自己独自在外面，白天上班，晚上还要拖着疲惫的身躯洗衣服，由于工地条件简陋，还得自己提水用手洗。爸爸，我一定会好好报答您的，请相信您的女儿！想着想着，又到站了，这时从后门挤上来一个穿着清新淡蓝色衬衣的大叔，他胳肢窝下夹着一支公文皮包，尖尖的皮鞋蹭亮。就站在之前那位工人叔叔的旁边，手抚着他的后背椅。他的头顶已经没有什么头发，不过神态很好，裤子提得很高腰间系着皮带腿显得很长。后来他找位子坐下了，两腿张得很开，一直看
50,"鱼~彩色圆珠笔绘         打卡24天",白日梦想家菲尤,我也不知道拍的时候怎么就横过来了，凑合看吧，勾画的时候不用那么太认真，大框差不多就行头部：橘，红，粉，黑上鳞：粉，橘，红，紫，灰（铅笔）下鳞：红，黑，紫，粉，灰（铅笔）尾部：红，粉，紫，黑，灰随时上色，随时把细节颜色勾画出来蜡笔化特效不错的加深所有颜色后，不知道为什么，拍出来的感觉就像恐怖小说里的死鱼，也许是光线的缘故？也有可能是我加特效的缘故？反正美图嗖一下就这样了
51,全部,我爱你女王,从第一次和你在一起，我便深深的爱上了你。你在我心里，在我生活里，在我生命里，就是全部。从来不敢想我的生活没有你。没有你，就像没有了生命。习惯了你对我的依偎。习惯了你对我的脾气。没有了这些，我生命只剩下呼吸。
52,第八天,Dawn咚咚锵,20:19首先呢，分享下我刚刚看的微信公众号（微言夜读）里喜欢的话，是我们教育学老师前几天在群里分享的，今天才看。今天就只有一节课，秘书理论。然而，我觉得自己今天有点孬，因为老师让我们组一个人上去和另一组的一个人实践演习。没有一个人愿意去，我也是。于是，有人采取了抓阄，不是我。看着小伙伴和另一组的“交锋”，再想想自己，自己真是太弱了，如果是我，肯定分分钟被对方秒了。他们都能随机应变，想说就说了。可是，我不可以，我想一件事情都要很久了，更别说这种及时处理的情况。我太胆小了，而且，我在随机应变能力这一块太差了！我该怎么做呢？我疑惑着。洗衣服的时候看了张钧甯演讲的视频，关于改变的。我觉得她讲得特别好。她之前是一位法学的学生，本来，如果她听从妈妈的话考取硕士，她可能现在会是个律师，或者教授之类的。可她，跳出了她的舒适圈，她从0做起，面试40次，才得到了演出的机会。我想说，她是成功的，她迈出的这一步没有错。她还说了她喜欢跑步，因为跑步留下汗水后，她觉得整个人都放松了。我也应该找到自己喜欢的事，走出我的舒适圈，迈出勇敢的一步。她有句话说得超级好：是的，我们为什么要让我们这一生每天活得一模一样呢！我
53,饮食不当可能会引起失眠,多其丽晚安酵素,1、如果晚餐丰盛油腻吃得太多太晚，延长胃内排空时间，胃、肠、肝、胆、胰等器官在餐后的紧张工作会传送信息给大脑，引起大脑活跃，并扩散到大脑皮层其他部位，致使夜里无法好好睡觉。2、喝酒导致睡眠变差。表面上睡前小酌一杯，可能让自己入睡更快，但是这样做付出的代价可能更大，比如你可能半夜醒来数次，这会导致睡眠质量严重受损，致使你的深睡期很短或几乎没有。因此这也是有酗酒习惯的人，花很多时间在床上，但是睡眠质量却很差的原因所在。3、食用过多产气的食物，可能致使夜晚不能安睡，辛辣食物干扰睡眠，辣椒、大蒜及生洋葱等辛辣的食物会造成某些人胃部灼热及消化不良，从而干扰睡眠。过多食用含咖啡因饮料或食物常是导致失眠的诱因。特别对于一些咖啡因敏感的人，即使只是午后的一杯热可可，也足以使之辗转难眠。此外，咖啡因的利尿作用也会使你想睡个好觉的希望落空。1、含咖啡因的食物如：咖啡奶茶，可乐等。很多人都知道，含咖啡因食物会刺激神经系统，还具有一定的利尿作用，是导致失眠的常见原因。2、辛辣食物如：麻辣小食，香蒜面包等。其实，除此以外，晚餐吃辛辣食物也是影响睡眠的重要原因。辣椒、大蒜、洋葱等会造成胃中有灼烧感和消化不良，进而
54,不要公开批评管理者,王荣增,"很多企业老板/高管身上有一个特点：非常严厉。他们常常在公开场合“劈头盖脸”给人一顿批评，甚至“不问青红皂白”，只要下属出了差错就是一顿骂，一点情面都不留，他们极少表扬人，绝大多数情况下是在指责人、埋怨人。不可思议的是，当他的员工们“咬牙切齿”地谈论他的这一特点，传到他那里时，他常常会不以为然，甚至觉得这正是他“追求完美”、“与众不同”的优点，也是他成功的一个因素，完全没有要改变的想法。虽然在8090后员工身上有“损友”这一说，甚至是说话越“刻薄”，越能体现双方关系的铁。而事实上，在社会中、企业中，他们常常最是需要得到老板/高管的认可。当他们刚刚走向管理岗位，囿于年龄、经验，加上手下员工与他们年龄基本相仿，甚至有比他大的长者，他们在员工当中事实上没有太多的威信的，在这样的环境下，他们是自卑多于自信，而如果作为企业老板/ 高管的你在公开场合指责他、批评他，那么他作为管理者的威信肯定树不起来，他的手下们就不太会把他的话当回事：你在老板那里像个孙子一样，凭什么来管我们？！自然他的工作就难以展开。因此，在我看来，企业老板/高管有一项非常重要的工作就是：帮助你的管理者（尤其是年轻的管理者）树威，而"
55,动物王国的成语故事——自相矛盾,创造与希望,山羊老师给大家讲完了关于鸡的成语，大家放学后还在热烈的互相讨论。小猪很着急的找到小狗，说“小狗小狗，明天早上你能到我家叫我起床，让我跟你和小象一起锻炼、学习吗？”“好啊，欢迎欢迎。刚刚小鸡也说想跟我们一起呢，不过小鸡说直接让他爸爸早上练唱歌的时候叫他起床，然后来找我和小象，你如果也一起的话，那我们可以采用的花样就更多，更有意思了”小狗兴奋的说，他对自己的队伍迅速壮大，感到非常高兴。第二天一大早，小鸡就跑来找小狗，发现小象也已经准备好了。小狗说“昨天小猪也让我叫上他，和咱们一起锻炼去”。“太好了！”小象和小鸡蹦蹦跳跳的跟着小狗一起来到小猪家门口。“小猪，小猪，快起床了”小狗一边敲门，一边叫道。门开了，小猪的妈妈走出来，”小朋友们，你们这么早找小猪有什么事吗？“小狗就说了昨天小猪的要求。“啊？小猪昨天晚上回家特别晚，说玩的太累了，今天早上让我比平时再晚点叫他起床，他想多睡会，连早饭都不打算吃了！”小猪的妈妈跟大家说。“那好吧，谢谢小猪妈妈，我们先去锻炼了”小狗只好拉着小鸡和小象，开始跑步了，他们三个在一起果然比只有小狗小象的时候更有趣。结果这一天，小猪居然迟到了几分钟，山羊老师知道他和小鸡
56,比特币由震荡上行转为震荡下行，3950能否守得住？,潭学区块链,昨日计划观望，我们来看一下实际行情在小时图上的表现：昨日计划观望一天，继续持有2019.3.21在3990介入的空单，止损依旧放在4030。昨天行情一度向上冲击，做了一个三次回测的动作，万幸的是4030的止损并没有被打掉。在向上回测之后，行情逐渐转震荡上行为震荡下行。天图的上升楔形被向下跌破之后，进行了两天多的震荡，目前整体稍微偏空一些。四小时逐渐由震荡上行转为震荡下行，若再向下跌破紫色上升趋势线，则有进一步下跌的可能性。交易计划：暂时先以观望为主，如果比特币有跌到3950一带时，可以先把3990的空单的止损移动到进场位置零风险持有，可以轻仓在3950尝试加仓，止损风险在1%以内。祝您交易顺利！
57,【工具癖征文】我的铅笔与草纸,王墨白的万物之屋,算数学题永远离不开草纸，在草纸上讲题，是近距离给学生表述意思的方式。尤其给小学生们讲相遇问题追击问题，外加综合列方程，真得需要大大的草纸和铅笔，让那些摸不着头脑的学生们看清楚已知怎么和未知结合在一起的，关系可以在脑海里面想象，但是展示出来会加深印象，如果关系复杂，不画出来真记不住，就像是警局破案一样，画出来，联系起来。起初，我并不怎么喜欢在草纸上讲题，因为总有一种地盘不够大的感觉，在黑板上写出来，老觉得那样看起来比较壮观。黑板是面对大众的，草纸就比较私人了。但是在草纸上讲题的时候，会发现，学生们受启发的突破点都是不一样，就算给十个学生分别讲一道题，也会在草纸上呈现出他们不尽相同的思考方式。草纸，就像他们美术课的图画本一样，一个命题，但是下笔的点都形色各异。当学生们到我这里算题的时候，草纸就像是我和他的共有物体。我一边用铅笔写，他们一边用铅笔来补充，感觉像是工程师们，在给自己的作品修修补补，看到有粗有细的线条，哪些是可以合并的，某一刻，就豁然开朗了。我多少有些排斥铅笔的，老觉得是给小孩子用的，大人，应该不会经常写错字，擦来擦去弄上一桌子橡皮渣，幼稚！因为给学生们讲题时间长了，才发觉铅笔有
58,郭靖黄蓉之桃花岛说亲（三）两人的心理活动,七种彩虹,"文/七种彩虹在宝应县黄蓉看到郭靖面对蒙古公主华筝过于亲密的关心，又听闻华筝道明了郭靖“金刀驸马”的身份后，蓉儿“蓝瘦香菇”，二回桃花岛。黄蓉自小娇憨顽皮，在岛上时往往高兴时大笑一场，不快活时哭哭闹闹，从来不知“愁”为何物。每每想起和郭靖相处的快乐时光，又想到郭靖和华筝有婚约在身，内心矛盾重重。不禁悲从中来，初次明白了这种相思的愁苦。这一天黄蓉早早起来，一番洗漱之后，她身着白衣，长发飘飘，头束金带，只是脸上颇有些憔悴。此时她来到一座石坟前，坟前墓碑上刻着“桃花岛女主冯氏埋香之冢”，黄蓉开启石坟机关进入墓中。黄蓉在冯氏画像下焚香祭拜，这冯氏不是别人正是黄蓉的娘亲冯衡，每当黄蓉遇到不顺心的事情，都会来到这里，对着娘亲说说话。黄蓉痴痴的说道:“爹爹教了我读那么多的书，告诉我那么多大道理，可是...可是蓉儿怎么都想不明白，为什么越是喜欢一个人，心里面就越疼呢？ 娘， 你能帮蓉儿想想吗？”黄蓉说着说着眼泪止不住流了下来低声继续说道:“靖哥哥说过要一直一直跟蓉儿在一起，可是现在突然出现一个蒙古公主，原来靖哥哥在大漠的时候，就已经被封了金刀驸马。娘，蓉儿该怎么办？”黄药师在一旁说道:“这个小畜生卑鄙无"
59,山水之间,我是一只没有脚的鸟,坚持原创分享第106天陆巷古村，被誉为“太湖第一古村落”。明代首辅王鏊（唐伯虎的老师）的故里。村中还有一条长达一里的明代古街，建有“探花、会元、解元”三座明代牌楼[1]。渔民们就生活在船上，依靠太湖水的滋养，世代繁衍。水乡的精致无处不在，古朴的城楼像在诉说千年的沧桑。
60,《任务103Git》任务产出汇总,lavender21,2016-12-15这是我对Git第二次学习，之前只是简单会用，对其原理不理解，这次学习对它的原理，.git目录下的文件都做了了解，明白了工作区，暂存区，本地仓库的意义。学习了ssh连接的配置，也学习使用了github上的issues功能，看来以后得多在github上发掘宝藏了。
61,"Spark-Streaming 流式数据处理",abel_cao,"目前为止，已经讨论了机器学习和批处理模式的数据挖掘。现在审视持续处理流数据，实时检测其中的事实和模式，好像从湖泊来到了河流。先研究一下不断改变的动态环境带来的挑战，在列出流处理应用的先决条件（如，与Twitter的TCP Sockets）之后， 结合Spark,  Kafka  and  Flume 把数据放入一个低延迟，高吞吐量，可缩放的处理流水线。要点如下:• 分析流式应用架构的挑战，约束和需求• 利用Spark  Streaming  从 TCP  socket 中处理实时数据• 连接 Twitter  服务，准实时解析 tweets• 使用 Spark,  Kafka 和 Flume 建立一个可靠，容错，可缩放，高吞吐量，低延迟的集成应用• 以  Lambda  和 Kappa  的架构范式结尾按照惯例,  先看一下最初的数据密集型应用架构，指明我们所感兴趣的 Spark  Streaming  模块的所处位置.下图着重指明了整体架构中的Spark  Streaming模块，Spark  SQL和 Spark MLlib：数据流可以来自股票市场的时序分析，企业交易，各种交互，事"
62,连泪,黄叶漫天,看河思海，海对面春暖花开。花开在故里，故里飘着炊烟。炊烟卷进风中。风中不含泪，泪该往哪看。
63,仿写《狗窝》,菠萝一一菠萝蜜,"四年级三班          林颖然玩具房这是谁的房子，真不象样！卡拉居然爬灶台上墙。各种小动物散落在四处，破了洞的是一个小鼓。熊猫扔进了一个水壶，丢在墙角的是它爱吃的绿竹。兔子挂在马脖子上，电动车下压着花猫和老虎。篮子里满是餐具，刀子被留在煎锅里。一块比萨夹着小斧，还有那么多的五颜六色的食物。这是谁的屋子，真是够混乱！芭比、花仙、灰姑娘还是一一什么？你说是我的？哦，是的，恭喜你答对了。"
64,灵魂爱人,风沙蚀骨,"有一种相爱是不能在一起有一种相爱是别离爱情睡在寂寞里是一种甜蜜让心淹没在思念里让爱沉浸在守候中孤身一人来品尝 体味不一样的风情爱里不会有无奈爱里不会有勉强没有伤感 就不会有彷徨没有惆怅 就不会走进失望不在一起的爱 不单单只有相思不在一起的爱 不会只局限于难忘爱 没能让我们在一起爱 却已永恒"
65,很意外，我的2018是以这样的方式开场……,大笨蟹,缘起，说来惭愧，我是2017年3月知道永澄老师的，当时朋友推荐他的公众号给我，说永澄老师在做“目标管理”方面很厉害。我是做团队的，所以一直也想学目标管理，于是就去关注了永澄老师的公众号，并且去公众号查看了永澄老师的文章。当查看了永澄老师公众号的文章时，我的第一反应是：怎么都是我看不懂的理论啊，这些理论究竟有什么用啊？因为觉得没用，于是就放下了（备注：要是被永澄老师看到，估计又要挨骂了o(╥﹏╥)o，因为我都是用“感受”去做决策，畏难，隐形天花板啊，汗颜）。缘落再缘起，一个偶然的机会，“有书”平台送了一本古典老师首发的《跃迁》给我，恰好有朋友告诉我，永澄老师受到中信出版社的邀请准备做这本书的领读，于是我就真正的第一次参加了永澄老师的活动。因为不了解永澄老师的思维方式，所以我只是通过回听“企鹅通”，然后把觉得有用的一句一句写下来，因为不懂方法，只能死磕，通常弄懂一章我花了一天的时间。我不知道当时为嘛我愿意花那么长的时间，或许是因为当时永澄老师他不按常人解书的方法以及解释的非常透彻，所以吸引了我，而我对系统的认识也是从这里开始，是我当时参加永澄老师的领读最大的收获。可惜，剩下最后一章的时候还
66,每个人心中都会有一个摇滚梦,老漫,文/老漫昨天从草莓音乐节回来，不禁感慨唏嘘。虽然作为一名音乐生，但是深感惭愧，我直到现在也没有很懂摇滚。在学校的时候，热衷于摇滚组建乐队的同学比比皆是，时不时会有演出袭来，那时我还不明白摇滚是何模样，因为经常会在电视上看见明星嘻嘻哈哈蹦蹦跳跳的，觉得很是有趣，所以会经常去看演出凑热闹。那时候在偏北的城市读书，有一朋友在武汉读书，武汉音乐节的时候，我的朋友圈被刷了屏，我透过手机屏幕被音乐节的气氛所吸引，于是乎我深深的艳羡能去参加音乐节的人，也可能是一颗爱热闹的心情作祟，一心心向往着。后来总是被各个地方的音乐节吸引着，迷笛、草莓等等，只可惜当时对于一名学生的我来说路远票贵，所以一直没去成。也许那时候在我内心中已然埋下了一颗摇滚的种子。毕业后来到南京工作，无意间加上了一个卖南京各类演出门票的黄牛，看到了南京草莓音乐节的演出时间，那一刻的心情简直不能用愉悦来形容，欢喜若狂抑或是大喜若狂吗哈哈哈哈。当时距离发工资还有半月之久，于是乎抱着饿死也要看演出的心态买了门票。因为身边的朋友都不爱这类风格，所以只能一人独自去音乐节。起初我很忐忑，想着怎么样才不像毫无经验的样子，我想就算无聊无趣死也要在音乐节
67,温水礼赞,甜甜圈圈甜甜,温水实在很温柔。当你奔跑在炽热的操场之上，头顶万丈光芒，篮球飞掠而过篮球旁，你迫切地寻找着水源，冰凉冰凉的水源。终于，一杯通体似冰的极凉的水，映入你的眼帘。你毫不犹豫，冲上前去，抄起这杯颤巍巍的凉水，一饮而尽。你感到心脾被坠入其中的瀑布震慑开来，霎时提神醒脑，充满活力。当你沮丧地躺在床上，凝视着体温示数不断上涨，心中弥漫手足被困的绝望，你虚弱地寻找着水源，热得吐气的水源。终于，你将那滚烫的热水小口喝尽，白气染湿了你的眼睛。你感到仿佛经历了重生，热流跑遍全身，胃肠舒适地伸展，像乘着一块火云。然而，同时，你却猛然发现，日常的消遣，坚定的陪伴者，不知去了哪里。你那默默无言的小跟班此时自歇息去了，有凉水热水顶着，它倒蛮放心，它就是温水。温水，有着普通又别致的，温柔的姿态。它不像热水、沸水，模糊的水汽赛跑一般直往上窜；不时水珠迸溅得有些凌乱；甚至于摇摇摆摆的气泡在狂舞着的水中旋转。它也不像凉水，冷水，冷漠得下一秒就要凝固成冰；每个水分子蜷缩在一个角落苦苦伶仃；只有似玻璃一般的冷清。而温水好像没有什么可以拿来说道的。温水普普通通，只会默默地呆在身边，但濯清而不软弱，晶莹又不浅薄，安静却不怯懦。要喝
68,"伤心酸辣粉|伤胃而不伤心的酸辣粉 ",港漂圈豆豆,"在成都上大学的四年期间，尝遍了川式美味佳肴，有的菜鲜香麻辣，有的菜爽口清甜。离开成都之后，每每想起更是回味无穷。以至于每到一个城市，都会寻觅那熟悉的味道！本期小编推荐的“伤心酸辣粉”在四川虽然只是古镇里的一个个不起眼的小摊位，而在现如今的香港却已开辟了多家分店，成为嗜辣者的后花园。川菜以辣闻名，而当中的重庆菜更着重酸、辣、麻这三大特色。伤心酸辣粉独有的调味酱料，由数十种香料精制而成，灵魂之一的辣椒更是以指天椒、 牛角椒及子弹椒等调配出最合适的香辣度，令嗜辣者不用打飞的就可以在香港吃到正宗的川味菜肴~驰名伤心酸辣粉，薯粉上铺满大量肉酱、葱花、菜莆及花生等配料，口感滑溜，弹牙烟韧，酸和辣的味道有层次，食客可以应个人口味选择不同程度的辣(可选：BB辣/ 小辣/ 中辣/ 大辣/ 劲辣) ，吃的时候要把材料搅拌混在一起才好吃哦！招牌皇牌口水鸡，鸡肉嫩滑，辣味适中。夫妻肺片(即牛脷、牛心、牛舌、牛展)，够麻又够辣。凉拌酸辣土豆丝，不得不佩服四川人民对于凉菜火候力道的把握。随随便便一份食材，都能被“调教”得可圈可点，口感极佳。尖椒皮蛋，选用正宗重庆皮蛋，溏心蛋黄够入味，配上尖椒，大大提升麻辣感。听说"
69,十八,尘___世_美,今天是二零一六年十二月十三号。这是第十五篇简书。今天听的这两部广播剧相当好，很喜欢。也越来越喜欢每天这样听着剧做着题的日子，终于能理解那些留恋大学美好生活的人，原来大学里日子真的可以过得这样舒心。有时候就像忽然开了窍，说不上来到底懂了什么，只觉猛然间一抬头，十方开阔，明朗豁然。我之前有段时间认为，香港归根结底是狭隘的，越听人说香港好，生活水平高，人民素质高之类，便越发不以为然，心想着，这个不同格调带有阶级差别，连美德都带有优越感的弹丸之地，自然是有多肤浅就有多不厚重，有多自傲就有多不包容；来到这里的内地人们，是在狗群里聚成团的猫，走在大街上，还看得见三两扎堆的狐狸，鼹鼠，黄鼬，鸡鸭鹅...口里叽里咕噜各不相同，偶尔互相进行必要交流，倒对彼此的英文都包容得很；说到底，这里的发展是足够碰巧和不小心的，又是必然和强行的，说不定还是强弩之末而难破鲁缟的。在这里，我的圈子小得很，不似在内地大学里，故乡相隔几千公里的同学，也能一起在食堂喝着粥聊着八卦，或者明里暗里地画着小人翻着白眼，总之互相之间是有交集的，交好也罢交恶也罢痛快也罢不痛快也罢，大家是一锅里煮烂的米；而我是孤岛，却浮在一片名叫内地人的
70,《父母安即心之故乡》,猫猫葵,春节的脚步总是太匆匆，倏忽之际已到上班的时间，照例是单位串门拜年抢红包，欢声笑语，插科打诨，其乐融融，同事们比平时多了几分轻松、几多快乐。回家的日子似乎已成为记忆里遥远的回忆，可是明明就是在昨晚，我才打电话回家给老爸老妈报平安安全回来来着。不一样了，就是不一样了，心里有个地方已经改变了。思绪又飘回到过去的一周。开车回家在高速公路上，一路和姐姐聊天，一路思绪飘飞高涨，如身下那驰骋放飞的车子。这条路一年也要跑个十来回，完全不是陌生的风景，哪个点该到哪里，心里清楚的很，可是还是忍不住激动。油门老是踩重了，车速动不动超过了140码，估计得收到罚单了，可是有什么要紧。快一点，再快一点吧，前方就是我的家乡，有我坏脾气的老爸、唠叨的老妈和那熟悉的老房子。只有那里，才是真正心里过年的地方。家里已经满满都是各种春节的气息。红通通的年糕放在大匾里面，可爱的酣睡在架子上，有几个咧开了嘴笑着，露出里面的绿豆沙，竹叶散发着清香的气息，逗引着我们垂涎欲滴；春联的大红纸已经买好了，老爸亲手做出的桌子上铺好了毛毡，墨水、毛笔都已在桌上伺候已毕，就等我来挥毫献丑；冰箱里已经塞得满满当当，老妈一边抱怨我们带回来东西太多，
71,阿迪,凡尘花仙子,2017年9月5日，日拱一卒，积硅步，精进未来的自己。100天，33本书，打卡第45天，《三三来迟》——林迪儿林迪儿的小说我几乎全看过，且不是一遍，比如《纸玫瑰》，《我在春天里等你》，《预谋出轨》，《摘星》，《让爱自由落地》。最近两天又重看了《玫瑰之晨》和《三三来迟》。这几天情绪有点低落，对什么都兴致不高，每每这时我还能干下去的事就是看爱情小说，而且一般都是看熟悉的作者熟悉的作品，没有多少耐心去看新的了，至少近一年没有看过新作品。今天要说的阿迪，不是作者也不是小说中的人物，是一个有缘人，一个猫友，一就要做新娘子的姑娘。我们的友谊是从讨论爱情开始的。那大概是还在猫群第三期的初期，我们刚刚一起进了智囊团后，有一次阿迪私下找我聊天，大概那时有了一些女孩子的小苦恼吧，认为我这个大姐姐还算可信任之人，由此结缘。阿迪是个很沉稳的姑娘，并不是太喜说话，所以在群中主动表现的时候很少。上期的行动营，她作为剽悍四连的连长，我给她当老兵，倒真是让我刮目相看了一把，一个连120多人，大大小小的事务都要经管到，看似很简单的22天，但是只有身在其中的工作人员才会知道，有多少琐碎的事情要管，很锻炼人的组织与调动，整
72,（小小说）纠结,峤羽,小滑和小石都是一起进局办公室的。经过两年的锻炼，两人都处在办公室副主任的位置。半年后办公室主任退休，局长打算从他们两人中提拔一人担任办公室主任。人如其名。小滑人机灵，脑子活，会看眼色，会来事。小石人实在厚道，工作能力比小滑强，但是只会低头拉车，不会抬头看路。小滑很纠结，为了提拔冥思苦想，怎么做才能更加突出自己呢？每当上面布置下来一道任务，安排给小石，他就担心小石做的出彩，让领导看见赞赏；安排给自己吧，又担心自己做的不够好，让领导有看法。这样天天苦思，天天纠结。小滑开始拉拢其他中层干部吃饭喝酒，称兄道弟，为的就是以后投他一票。大家吃好喝好，胸脯拍得山响：“兄弟，没问题！”小石倒像个没事人一样，每天该干啥还是干啥，有任务，就去认真完成任务；没有任务了，就拿起专业书听课学习。仿佛周边人的走动跟自己无关。两个月后，也不知道是酒精的作用，还是用脑过度，小滑年纪轻轻，竟然突发脑溢血，经过抢救，命是保住了，但是行动却是不方便，后半辈子只能修养恢复了。半年后，小石提拔为办公室主任，小滑再也不用纠结了。
73,尊重并接受真实的彼此,世上的光,"真正的成熟不是改变异己。而是能容纳不同。不因敌对而扭曲，不因偏见而滂沱。世间姹紫嫣红，人性却参差不齐。我们岂能要求众人皆良善。况且，自身也非玲珑无暇。那些看似凶恶的，未必是毒辣可恨。而那些看似清秀的，也未必是柔软可爱。       如若要有所迁就，倒不如独自练就。俗日可以清苦，但心性必须高贵。​​​​愿你 我，都有。其实，能做的是，知道什么是对的，去做 ，然而不强迫别人也去做。就像是特蕾莎修女的小诗如果你找到了平静和幸福，他们可能会嫉妒你。不管怎样，你还是要快乐。你今天做的善事，人们往往明天就会忘记。不管怎样，你还是要做善事。即使把你最好的东西给了这个世界。也许这些东西永远都不够，不管怎样，把你最好的东西给这个世界。"
74,扇上诗,idea新世界,"一扇清风万古愁，夜随江河入海流。清风自古明月夜，缕缕青丝岁月稠。（2015.6.2 ）"
75,0118讀書筆記《高效能人士的七個習慣》---第二個習慣,HaiyanF,第二個習慣，以終為始。“以終為始說明在做任何事之前，都要認清方向”......“當我們了解生命中最重要的事情時，生活將會不同”......“你希望在蓋棺定論時獲得的評價，才是你心目中真正渴望的成功。”人生有太多岔路，容易跑偏，有地圖在手尚且會迷路，分不清東南西北，更何況有很多人手上的地圖還是有偏差的，甚至是錯誤的，怎麼能不跑偏呢。那麼如何可以朝著正確的方向前進又不會被外物誤導呢？第二個習慣“以終為始”，大概是最有效的方法了。以終為始，就是以清晰的方向和價值觀來確定自己的思維定式，用正確的的思維定式指導自己的行為和態度。我很喜歡這一章。因為一切的路途無外乎找到正確的方向，如果方向錯了，所有的努力都是徒勞。“以終為始”，給了我很明確的指引。確立自己的目標，以目標為方向，一切的行為準則以到達自己的目標為中心，很清晰明了。我感覺自己的大腦裡已經有一個若隱若現的藍圖，明白了如何構建一個框架，在框架的基礎上，再建立自己的個人原則，細節將會被慢慢描繪清楚，人生的規劃也可以一步步實現。我希望自己被蓋棺定論的時候，是我曾經給他人帶來了良好的影響，是曾經為這個社會做出過正面的貢獻，這樣的成功才沒有白白浪費
76,"iOS 11调试与适配",来自宇宙边际的奥特蛋,"在桌面上方ToolBar找到Window-->Devices ansd Simulators，按照下方图例操作当设备后面出现那个小球就可以拔掉数据线进行无线调试了；/**************** 2017-10-25 更 ********************/"
77,我不敢,淘气鬼的哆啦A梦,"“岁月 你别催 该来的我不推 该还的还 该给的我给” 本周的最后一个晚自习 教室里零零散散比往常少了将近一半人 室友把耳机拿给我 李宗盛《给自己的歌》就这样猝不及防的传入 歌词很有力量大二后 很多个晚自习我都过得糊里糊涂 明明一大堆事要干 却总发现最后会发现留下很多 计划赶不上变化 我也不能完全控制自己的心最近很多事情都定下来了 都朝着结束的方向去了 计算机终于考完了 所有不敢睡的中午 所有不敢落下的选择题 还有拼命上机操作的好多个小时 在周六上午考完都被我扔在了一边 记得考试之前的我很焦虑 给大仙姐留言 自己好像坚持不下去了 当你发现自己一切的坚持都没有意义的时候 内心最后的防线也开始土崩瓦解 还好我坚持下来了 好在自己还算幸运 抽到的题目大部分都会 但愿现实与感觉之隔正如心愿 希望能完美过计算机二级 下学期我可以更好的准备其他 这学期的专四也可以多一点信心越努力的人越幸运 若最后的结果不尽人意 那一定是努力不够 跟天资的关系不大 让自己太好过的话都是理由 借口 我不喜欢 所以努力吧学生会的最近活动宣传结束 部门的日常工作也有条不紊的进行 不需要太多的担心和不安明明很多事情都不用太操"
78,我迷恋过老男人，但幸好我没有嫁给他,悠悠萱草心,这两天最热的新闻之一是杨振宁的遗嘱分割。几乎所有人都认为翁帆太不值得了：年龄的巨大悬殊，十多年的悉心陪伴，无性的婚姻，没有子嗣，甚至杨说死后也希望翁不要再嫁。这一切，只换来一套别墅的使用权。嫁给头顶光环的伟人是否就意味着女人一定要作出牺牲？也许，对于太多的普通人来说，婚姻是抛却那些光环和身份，还能知冷知热相亲相爱地居家过日子的模式。而不是你垂垂老矣害怕孤独生活需要人照顾，我年轻貌美对你顶礼膜拜心甘情愿余生为你付出。但生活如人饮水，冷暖自知。毕竟十几年夫妻情义，也许杨振宁和翁帆真的比我们想象的美好。我不想过多去评价一个全球著名的物理学家和他妻子的婚姻模式。所以今天，我只讲一个普通人的故事。大学毕业后不久，我认识了一个只比我大一岁的女孩F。F重点大学毕业，还长得特别好看，颇有点林志玲的感觉。当时她正和一个比她大了近30岁的老男人热恋。这个男人据说是多金又有才，是某个行业的大咖，和前妻离婚多年，孩子也已成年。所以，F是光明正大的女朋友，不是小三。虽然在一些围城中的人看来都觉得这段老少恋不可理喻，也都不看好这段年龄差距太大的感情。但当时，在我们一帮年轻女生眼里，还是多少有些羡慕F被那个男人那样
79,"阿朱的茶  “静和”的茶",周世恩,与阿朱认识，是十几年前的事了。她管理学校图书馆，每次借书还书，都能见她。气定神闲，坐在图书馆的办公桌上，不是登记图书，就是捧着一本书，静静地阅读，宛若古时的大家闺秀，透出一股子的书卷气息。那时就想：这地，适合她。其实，没有更深地交道，我们的交往，只限于还书、借书，说一些无关紧要的话。所以，她转行做茶、卖茶、品茶，我觉得一点也不奇怪，而是想：这，也正好适合她。她，是适合生长在图书馆，也适合喝茶、品茶的，这些地方，静谧的、不食人间烟火的味道，正与她相衬。十年后，她有了自己小小的一爿茶庄，在自己居住小区的一楼，她仔细地经营着，琢磨着为茶庄取名，定为“静和”。觉着这名字取得好，静静的，一团和气，有点像她。第一次去她茶庄喝茶，属于不请自到。微信中，总见她发茶的图片，红茶，一团褐色的氤氲，腾腾升起。绿茶，放在白瓷杯中，舒展的茶芽盛开绿意。当然，还有普洱、黑茶，一样样，都宛若艺术品。我虽然不是懂茶之人，但也经不起这诱惑，冒冒失失地就赶了过去。她的茶庄布置得很是优雅，湖南蓝布苗绣，扯成了门帘，茶桌上，木头的茶盘，摆几盏白瓷的茶杯，沉甸甸的静谧。她给我泡茶。投茶，冲水，洗茶，接着泡茶，娴熟，安静。我也安
80,说得再好听也不能当饭吃,白日未了,01记得谁说过，有的女人一旦恋爱了，智商就会急剧下降，甚至跌至为零。于是我怀疑过，是不是智商的下降引起了女人听觉神经的过度敏感，以及其他神经的短暂失灵。我的怀疑之所以得以验证，是在小沫当着我们所有人的面，正式宣布K先生光荣晋升为男朋友的时候。还记得在场的姑娘们一边拍手称好，一边扭头问我，Y先生咋办啊？凭什么让K先生给迎头赶上了？我心里想啊，估计就凭那张嘴吧，也许礼貌点应该说是那三寸不烂之舌。上个月小沫从外地出差回来，不巧那天一整夜的瓢泼暴雨，高速路上从十点塞到十二点，水泄不通。那段焦虑的时间里，Y先生隔一会儿问一下大巴的发车时间和位置，小沫回复之后，手机剩余的电全耗在和K先生语音上了。“宝贝在哪了？”“虽然不在你身边，但我会乖乖等你回来。”“你去了两天，我怎么觉得好久没见着你了。”“到站了告诉我，别淋雨了，我会心疼的。”这头，小沫捧着手机傻笑。K先生像一匹凭一张巧嘴走遍天下的狼，恰巧遇上小沫这只竖起两只耳朵的傻兔子，不吃你吃谁呀？直到夜里一点多，大巴车在站里停靠，小沫前脚刚从车上迈下来，Y先生的伞已经撑到面前，一路把她护送到提前叫好的出租车里，就没让她淋到一滴雨。只是小沫一上出租车，就
81,古少侠《个体崛起时代，如何快速的自我增值？》,悠远菩提,
82,懂得,小章女子,最近半个月又看了一遍《倾城之恋》之前总觉得这是张爱玲稍显温暖的一个小说，故事还算圆满，这次看了又反倒觉得太过悲惨。一直觉得张爱玲是个清冷的女子，用一双冷寂眼神看世间所有繁华热闹，写感情总是毫不留情地剥去种种温情的外表，直接暴露出人的本然，没有任何修饰。让人看了顿生悲凉。《白玫瑰和红玫瑰》中她说“也许每一个男子全都有过这样的两个女人，至少两个。娶了红玫瑰，久而久之，红的就变了墙上的一抹蚊子血，白的还是‘床前明月光’；娶了白玫瑰，白的便是衣服上沾的一粒饭黏子，红的却是心口上的一颗朱砂痣。”短短几十字，就揭示一切男子真情下所有的本质。这个女子就是这样，将残忍的真话隐在自己淡淡的哀愁里不经意地说出来，让人分明感觉到悲哀却又拿她毫无办法，她总是一副嘴角向上的姿态看人世间你来我去。剧中柳原看着白流苏道:“这堵墙，不知为什么使我想起地老天荒那一类的话…有一天，我们的文明整个的毁掉了，什么都完了——烧完了，炸完了，坍完了，也许还剩下这堵墙。流苏，如果我那时候再在这墙根底下遇见了…流苏，也许我会对你有一点真心。”白流苏和范柳原这一对现实庸俗的男女，在战争的兵荒马乱之中被命运掷骰子般地掷到了一起，于“一刹
83,#知识体系精深营#6月第10次作业第25组-海红-探寻原因,海红米花妈,便签数3，合计30原文来自对要解决的问题A的原因的分析，会发生这样的现象：找到一个直接原因B，我们就戛然而止，欢呼雀跃，以为问题已然得到解决。但往往会发生这样的情况：B虽然已经调整，过不来多久，A依然发生。这说明B并不是造成A的根本原因，还需要我们继续深入分析发生B的原因C。如果C是最本质的原因，则解决C，就可以解决问题A。这里我们称B是直接原因，C是根本原因。问题的产生，有一条因果关系链，在这条关系链上的初始原因，是造成结果的根本原因，从根本原因入手，才能有效防止不良结果。我们一般说“治标不治本”，标就是直接原因，而本则是根本原因。如何找到根本原因？需要具备追问能力。上个月我开车带孩子和朋友去郊区爬山，在回来的路上，发现油灯报警，油量指示已经在0的位置。我超级担心车里的油熬不到加油站了，还好油箱给力，支撑到了加油站，加上油的那一刻，我松了一口气。担心的直接原因是车没油了，是怎么造成车没油的？是因为我平时没关注油表盘。为什么平时没关注？因为没养成平时检查车的主要指标的习惯。所以根本的解决方法是平时开车出门前，就主要的指标检查一下再出门，特别是长途出行前。本周内，就孩子不愿意学英语的问题
84,"叶 夜",叶谦,"近两年 超过一点睡觉还清醒着的时候尤少，奇怪的是，每次酒后，都变得特别清醒：我是谁 我的过去...活着 活着 常常恍然间会忘记自己是谁  自己是什么样子的 自己为什么要活着这些事情...今晚又是难得的酒局 我喝的开心 一如既往的酒后变得清醒 ：我是一条野狗 是浪人 习惯了到处奔波 到处流浪 到处受苦目前的稳定 安逸 是暂时的 ，在生活面前，我已经非常卑微的低下我曾经高傲的目光尽管如此 尽管如此 生活仍要我受尽苦难 孤零漂泊成长嘛，就是抗争着 抗争着  然后慢慢的变为 从容的接受了生命赋予给予你的所有——包括了所有的悲伤我真的不知道明天我还会在哪里流浪还会在哪里苦苦挣扎 饿着肚子 寻找自己的一线生机我是没有希望的人生活如此 生命亦是如此然而我们在走过坎坎坷坷 都能明白过来生命的戏谑要么先让你希望 然后再让你绝望要么先让你绝望 再让你希望 再给你一次体验绝望的机会不是不可以选择 只有在真正感受过生命的无助的人才能真正感受得到命运 的 权威明天  我会在何处明天  我会变成什么明天 明天 明天....."
85,不想写就是不写,肖辉,不想写就是不写，任性到没朋友。星期五拿着明天写两篇这个理由，心理上轻松的过去了。星期六看电视剧，就是任性不写能怎么样？今天马上变怂。还是要写，不写心里又过不去了。前两天，不写和我学驾照一样。学驾照已经拖了快一年了，每回心里都在想两个月就拿下来了。下月十五号去，等到了十五号，才十五号，两个月就拿下来不心急。其实内心也有一点小害怕，记得第一回自己回家，内心很果断，没有任何计划，买好高铁票，坐上高铁，开始查路线。到了曲阜怎么才可以到济宁？内心很压抑，也很害怕。不怕一个独处在一个地方，就是怕一个人出门。学驾照，有一定因素是害怕。写作是打心里拖延，每回想写了，去看会电影吧。这两天把《刀客家族的女人》看完了。一会会有一篇写《刀客家族的女人》。总是有理由吧。不被逼上绝路，绝不会在短时间去做一件事情。虽然前面的好长时间没有断片，但也总是到了最后关头才去写的。我的任性就是拖延，能拖延多长时间，就拖延多长时间，绝对没有准时完成任务的时候。这个病得治，不过还没有想到办法。我现在最后的办法，就是毒鸡汤。不想写了，就去看一篇毒鸡汤，拉动拉动情绪。生活怎么能少了这份调味品。不怕任性，不怕怂，不怕不做不干，就怕毒鸡
86,全方位爆款营销！阿迪达斯渴望“以点破面”占领中国市场,禹唐,"北京时间2016年9月28日，美国耐克公司发布了2017财年第一季度的财报。财报显示，在2016年6月1日至8月31日期间，耐克公司取得了90.6亿美元的营业收入。与去年同期的84.1亿美元相比，耐克公司在2017财年第一季度的营业收入上实现了8%的增长，抛开汇率因素，增长率为10%。而在最近的三个季度，耐克的营收分别为82.4亿、80.3亿、76.9亿美元，继续保持增势。而在耐克全球市场中，大中华区依然是耐克最大的增长来源，贡献了10.2亿美元的营收，同比增长15%，剔除汇率影响增长率达到21%，为所有地区中最高。尽管如此，与去年同期的30%增长率相比，耐克在大中华区的增长态势还是有所放缓。然而，耐克的直接竞争对手阿迪达斯今年在大中华区的表现却相当亮眼。据阿迪达斯披露的二季度财报显示，剔除汇率因素，阿迪达斯2016年二季度销量增长21%，其中大中华区增长最快，二季度增幅为30%，上半年销售增长30.2%。在禹唐看来，阿迪今年之所以能在大中华区收获喜人的成绩，离不开其“以点破面”的运营思路。以爆款为突破口，从而带动市场的迅速成长。本月初，阿迪达斯发布了最新运动型格（adidas Ath"
87,写给未来2035年的那个他？,荣誉云商,2018年6月7日，星期四，今日高考，全国卷I的作文题目是“写给未来2035年的那个他”。这是一个给材料的命题作文。这个命题我想官方不只是给高考生的命题，也是给全国人民的命题，彰显了2018这一年的时代大背景，前进2035，时间很具体，任务很紧迫，责任很重大。那么，我也想做这道命题作文，写给未来2035年的那个他，有时候就是这样特别有写点东西的冲动，今天就是如此。交待完了写作动机，接下来交待一下2018年的我是做什么的。我当前的职业还是一名编辑，总是在改编别人的创作成果，很少写自己的东西，久而久之形成了没有材料就不会下笔的毛病。这一点让我感到很痛苦，谁不想自由的表达呢？如果能力和条件允许的话。但是话又说回来，做编辑选题也是很痛苦的，把不同的材料组成有机体，也就是俗称的洗稿，其实也不是一件简单的事。而这种命题作文则不同，他有个中心在那里，你可以围绕这个中心自由发挥。就好比今天这道题目，往大了写可以写2035的中国梦，往小了写可以写2035我去哪里吃鸡，到那时还有没有鸡吃，总之还是有点自由的。说到自由，很多考生都盼望着高考赶快结束，再过48小时，2000后出生的这批娃娃们将第一次感受结束高
88,漫谈富养,上善若水在路上,有一句俗语说的，对儿子要穷养，对女儿要富养。因此在人们的印象中，富养就是给予孩子足够多的金钱，让孩子在物质方面不受任何的委屈。其实这是对于孩子富养方面的一个误解，真正的富养是对于孩子精神方面塑造。帮助孩子树立正确的价值观，让孩子拥有爱的能力。物质方面的富养只是会让孩子的感官得到暂时的满足。在精神方面变得越来越空虚。所谓的内心的富贵才是真富贵。我们的幸福感有很大一部分来自于我们的心里感受。我们每个人能够自己真正的做成一件事，或者是能够真正的帮助到别人的时候，我们才会内心才会有成就感和喜悦感。这时候我们才会活得越来越幸福和快乐。对于孩子的富养，其实我们并不需要多少钱。我们需要做的只是在孩子需要我们的时候给予孩子足够的关爱和陪伴。让孩子从小能够拥有乐观的心态，感受幸福的能力和正确的价值观。让孩子从小能够养成进取型人格而不是表现型人格。这样孩子才会从小才能拥有独立思考的能力。
89,HTML属性（三）,李潇南,
90,坚持不下来？那是因为你还没用这招！,原来是二姐,最近好多姐妹们在晒近期坚持学习的成果。有的已经坚持背了几百个单词，有的已经绣了两幅十字绣，有的已经开始和孩子的每晚经典共读。但素，也还是有不少人哭诉，臣妾自己真的没有办法坚持啊！姐想说的是，不能坚持，这真的太正常了。如果每个人都能这样自律，那还要警察还要学校干什么？（机智脸）但素，既然有一颗上进的心，那么姐就要教大家一个破除不能坚持的大招，那就是。表打姐，姐在非常严肃滴讨论学术问题。想想咱们家的熊孩纸，你能怪他做事三心二意吗？连你自己只要拿着手机就会不自觉地刷个朋友圈上网淘些东西放下手机时大半个小时就过去了。所以，正是因为熊孩纸不自觉，才会需要大人陪读啊。通过陪读这种外力监督，促使他逐步养成自律的习惯。你也许又会问了，我们这些老大不小的人，去哪里去找人监督自己啊？嗯，你问对人了。不给出具体解决方案的姐不是好老师（捂脸）。下面，我们就来看看最有针对性的几条监督办法。这绝对是促使自己提高效率学会坚持最重要的一条。记不记得姐曾经教过你们说一定不要动不动就刷手机，可以为自己限定每天刷手机的时间？但是姐也知道你们一定做不到啦（因为姐自己也很难控制自己，捂脸）。所以可以让人帮你控制手机。如果在家里
91,2017.10.24,乖犬,"相信你也认同这句话吧。我挺欣赏Less is more，这个理念。在这个物质能量信息都过剩的时代，如果要把生活中每样装备都精致化，一来需要大量金钱即工时，二来用来享受这些装备的时间有限，很多东西用了一次就放在柜子里落灰，占地且浪费工时。也不知道从什么时候开始，我也喜欢堆砌、储存一些我根本用不上几次的“装备”，这其中包括很多3C产品以及五花八门的学习教程。似乎只有这样才能填补内心因为无聊和焦虑带来的空虚感。特别在技能这一块什么都想会一点，到头来没有一样可以拿得出手的。与其在这儿忏悔，不如抓紧把工作完成，从今天开始系统的、集中的学习两个技能，德语和英语。早安！爱你乖乖"
92,"日本安比高原滑雪场今年雪季要"搞事情"，中国雪友的福利来了",刘楠归来,"近年来，日本正在成为中国发烧友出境滑雪的首选目的地，航程短、雪质好、降雪量充足是日本吸引中国滑雪发烧友几大优势。另一方面，由于日本国内滑雪人次的不断下降，促使越来越多的滑雪场以更积极的市场手段来开拓海外市场。在日本500多个滑雪场中，安比高原在中国的推广势头最为迅猛，自2016年秋天在北京设立安比高原北京办事处，安比高原的身影就贯穿了雪季前的各大展会、雪季初各地的开板活动、雪季中的各种赛事，利用一个雪季的时间就在中国滑雪者中间做足了影响力。据安比高原北京办事处刘佳介绍，安比高原度假村原来主要面向日本国内高端客户，近一两年安比高原开始重点开拓国际市场，目前已有中国北京、韩国首尔、泰国三处海外办事处，主要目的是拓展目标市场，与渠道建立合作，旨在增加安比高原的境外客流量。6月中旬安比高原北京办事处与众信旅游、众信体育合作，共同邀请中国滑雪场管理者、滑雪俱乐部负责人、青少年教育机构负责人等30余位组成的考察团前往日本岩手县，考察安比高原以及周边旅游资源。用粉雪吸引发烧友 用服务吸引家庭度假人群安比高原所处的地理位置上佳，他在距离海岸线100公里外的内陆地区，富含大量水汽的云团在太平洋上空形成，"
93,"创造财富 满足欲望 做出贡献 自我觉醒【菁灵儿的咖啡冥想】",Jasmine119,"2017.2.2初六咖啡冥想：一时间：1.23开始21天（第11天）二：首先回想什么是空性？现在我的手上拿着一只笔，对于我而言，它是一只笔。这时候，突然进来了一只小狗，他咬起了这只笔，对于小狗而言，这只笔变成了狗骨头或者是磨牙玩具。这时候，我和小狗都出去了，笔是什么呢？他什么都不是了！为什么会出现这样的情况呢？这是由于我们的潜意识所决定的！因为我们的潜意识里面有笔的种子，而小狗的潜意识里面是没有笔的种子的，如果小狗的潜意识里面有笔的种子，他就会写字了！当我们都出去的时候，笔什么都不是了，因为他没有相对参照物了，对于宇宙而言，他可能就是一个沧海一粟的物质！三、目标与我的核心感受需求：1自由 2安全感 3喜悦4舒适放松 5富足6承诺 7坚持 8自信 9分享10慷概大方11健康 12美丽13感恩14尊重15和谐家庭四、为此我做以下咖啡冥想：1: 更多的关注自己，每天做1-2次10分钟的冥想。每天打5个以上电话，多沟通，建立更有觉知的意识，聆听，多欣赏多赞美遇到的每个人还有自己的家人。2: 目标：享有无限丰盛的金钱流，轻松的尝还债务；把生命密码（莱芙蔻）这个不是第一就是唯一内服外用的极致抗衰老"
94,CSS第四节,金妮ing,"标准流就是浏览器默认布局的方式，也就是的默认的排班布局的方式。就是解决图片和文字并排的格式问题。1.浮动脱离标准流，不占位置，但会影响标准流。2. 浮动的元素A排列位置，跟上一个元素（块级）有关系。如果上一个元素有浮动，则A元素顶部会和上一个元素的顶部对齐；如果上一个元素是标准流，则A元素的顶部会和上一个元素的底部对齐。3.一个父盒子里面的子盒子，如果其中一个子级有浮动的，则其他子级都需要浮动。这样才能一行对齐显示。4.浮动根据元素书写的位置来显示相应的浮动。5.元素的大小完全取决于定义的大小或者默认的内容多少。也就是具有了包裹性。6.第一种解决高度塌陷的方法就是。在父盒子上设置之后，父盒子具有的包裹性，就不会出现高度塌陷的问题了。Overflow详解当盒子内的元素超出盒子自身的大小时，内容就会溢出（IE6除外），这时如果想要规范溢出内容的显示方式，就需要使用CSS的overflow属性Overflow可以触发元素的BFC，可以让元素具有独立的排版的空间和权限，在bfc内部所有的元素都依据父元素进行排版和布局，所有父元素具有了包裹性，这就是解决高度塌陷问题的原理。比如：版心就是，网站的"
95,错版币成为收藏家心中的香馍馍,古玩交流学习001,近期关于“”的新闻是层出不穷，让不少藏友以为收藏到错版币就等于拥有一张一定会升值的纸币，但是事实是如此吗?记者发现从前三套纸币退出流通市场成为收藏热点到如今各地争相涌出的“错版币”，市场风起云涌，潜在诸多收藏危机，缺乏一些较为正面的引导。错版币为何成为大众心中的香馍馍1948年到如今，中国已发行了5套人民币，而前三套人民币在为国家发展做出贡献之后也纷纷退出流通市场进入了收藏领域，故而收藏纸币虽称不上难度极大，但是其中的复杂与起伏并非外人所能猜想。几十年间，第一套人民币成为众人望尘莫及的对象，第二套人民币和第三套人民币收藏市场虽不俗，但是想要收藏到一张有潜力的纸币却难于上青天。此时，错版币则是像极了拯救者。众所周知，纸币收藏一向都是遵守“少、新、奇”的原则进行收藏，而错版币作为典型代表，它是指在设计上或是母版雕刻上的错误，印刷之后出现倒水印、同号票、露白票、漏印票这几种情况。出现概率极低的它因拥有的特性，故而一跃成为了收藏家心目中的香馍馍!小概率漏印令收藏价值倍增对广大藏友而言，收藏到错版币就等于收藏到潜力最佳的纸币，这点从近期上海金堂拍卖有限公司所展出的一张第四套人民币佰圆错版币就可见
96,【连载】《恨绵绵》六花浪,北方北b,六年过的极快，元宵节后奔赴城里打工的人们都一拨接着一拨走了，舞厅关门了。凤姬和尤秉承的传言像捅了的蚂蜂窝一样飞散在各个角落，严海最初是不相信的。找凤姬的是顾央。顾央委婉的和凤姬说:“村里的谣言不知道你听到没？我是不相信你会那样，你们的感情一直很好。”凤姬说:“不是，就跳了几次舞，人们乱嚼舌根。”顾央说:“无风不起浪，你以后注意点，少和那个人来往，他是什么人？你自己也知道。”说完顾央就离开了。凤姬望着顾央的背影，心里翻搅着对顾央的厌恶，凤姬就看不上顾央那股知识分子的调。凤姬大概是由于自身的文化低，她总觉得顾央瞧不起自己，她心里的自卑裸现出她极度的自尊。她觉得顾央伤害了她，顾央那种居高临下教育人的姿态让凤姬恨不得此刻就揽着尤秉承的胳膊做给顾央看。可凤姬毕竟是顾忌着严海的，心里再怎么翻腾，也是做不出来的。转眼天气就暖和了，夏天来的无声无息，严海每天都拿着一台半导体在村子后面的草滩里踱步。农忙的季节，家家户户都是天色将晚才回去的，地里的庄稼不除草，晚夏的雨一多，庄稼就被草吃掉了。所以人人都是行色匆匆，除草回家后还有鸡猪狗羊马牛猫在等着。村里的闲人除了生病不能教书的严海之外，就是尤秉承了。有一天
97,这样的小品才是经典—沈腾,长弓长长,小品，打开百度百科，首先映入眼帘的就是本山大叔的卡通图像。相信提到大叔，不管50，60，70，80，他都将是一个跨时代的记忆。他的作品就像春晚的饺子，是每个春节的必备项目。每到过年的春晚，吃了团圆饭，最大的乐趣就是全家一起看本山大叔的表演。而本山大叔的小品也是那个时代的标志。不仅对于我们小朋友，父母们也是喜欢本山大叔的。那时候就觉得小品很搞笑，每次本山大叔的小品一出场都是笑声一片，慢慢的每年的春晚也只剩下这一点点期待。说是看着本山大叔的小品长大是一点不为过。但细心观察下来，那些小品笑过之后，真的是一笑而过，特别是其中一些包袱映射的一些弱势群体让人。但2012年春晚小品《今天的幸福》，小品中郝建的扮演者沈腾，让我再一次见识到原来小品可以是这样的。沈腾思维灵敏，语言犀利幽默，笑起来的时候，帅气的脸上不自觉地出现几条可爱的褶皱，身边的人戏称他为“沈大爷”。他的每部小品都非常有内涵，真的是让你哭着笑的经典，这才是经典应该具备的，小品不仅是让大家笑，更要在笑中思考社会的一些现象。这样的小品引人深思，发人自省。他的小品打拐更是不仅有笑点，泪点，最重要的是他的小品那脍炙人口的顺口溜，对孩子的帮助是多
98,换位思考,杨国邦xx,你永远都不知道别人身上发生了什么。笑不出来的服务员，是离家很久、没见孩子很久。破口大骂的开车师傅，是家要被强拆。冷漠不扶老人的路人，是曾热心却被敲诈。被车撞还要上班的青年，是真需要钱。这个世界，你永远都不知道，有些人已经被命运磨去了表情、磨裂了情感、磨光了善良、磨平了自尊。
99,东姐结婚了,王心夫,东姐今天结婚了，祝福她，真心的。我觉得好像从这一刻起，我的青春真是落幕了，不知道为什么。东姐是我的高中同学，叫王东。人绰号这件事情特别有意思。我听说一个人的绰号是最能深刻真实反映一个人特点的东西。我有其他的女同学也有叫东的，但这个女同学被叫做东哥，不叫东姐，而东姐被叫东姐，没人叫她东哥。我第一次见东姐是高中文理分班后的一个下午。那天下午阳光明媚，然后东姐就一脸笑盈盈的出场了。东姐的笑容跟那天下午的阳光一样，永远灿烂，温暖。我在高中的时候是一个叛逆者，长期自我孤立于主流圈子之外，对于主流圈子大哥抛给我的橄榄枝不屑一顾。自我孤立的结果就是真的被孤立了。这事跟我为什么这么欣赏东姐有直接的关系。对于我这样的规则叛逆者，东姐是为数不多的不用异样眼光看待我的人。她身上那种如家姐如母亲般的气质天然的给我一种亲切和温暖的感觉。毫不夸张的说，东姐曾经给予我的阳光般的温暖是我压抑高中生活中为数不多的美好回忆之一。虽然东姐在我印象中的绝大多数时候笑容灿烂，温暖如阳，但她毕竟是个女人，也会有自己的悲伤和脆弱。同样是一个阳光灿烂的下午，月考数学试卷发下来后，东姐哇的一声，在课堂上嚎啕大哭起来。东姐在老师安慰之后
100,图书馆电梯前,沧桑刀刃,那个豆绿色毛衣，手里拿着英语六级单词的男孩子，你高高瘦瘦的，谦逊有礼，我真的很喜欢你，印象超级好的，希望以后还能遇到，或许，也只能见一面了
